Ticker,Asset_Type,Status,Close,Historical_Return,Return_Period,Div_Yield,Vol_Ratio,ATR,Suggested_Stop
BNC,Common Stock,FAIL,4.72,-72.19,1Y,0.0,17.89,0.39,3.94
ARCIU,Common Stock,FAIL,10.39,,1Y,0.0,14.04,0.03,10.33
AIIA,Common Stock,FAIL,10.22,,1Y,0.0,12.8,0.02,10.18
ALPXU,Common Stock,FAIL,10.2,,1Y,0.0,7.39,0.04,10.12
ARCI,Common Stock,FAIL,10.1,,1Y,0.0,6.53,0.0,10.1
BMR,Common Stock,FAIL,1.33,-53.66,1Y,0.0,6.5,0.08,1.17
CICC,Common Stock,FAIL,24.57,,1Y,0.0,6.33,0.12,24.33
COLAU,Common Stock,FAIL,10.8,0.47,1Y,0.0,6.0,0.02,10.76
CYCN,Common Stock,FAIL,3.19,,1Y,0.0,5.84,0.38,2.43
BNR,Common Stock,FAIL,11.99,26.48,1Y,0.0,5.15,1.06,9.87
DNMX,Common Stock,FAIL,10.06,,1Y,0.0,4.05,0.01,10.04
CCII,Common Stock,FAIL,10.31,2.18,1Y,0.0,3.24,0.01,10.29
FGNXP,Common Stock,FAIL,23.3,41.25,1Y,0.0,3.16,0.22,22.86
DYN,Common Stock,FAIL,19.05,43.45,1Y,0.0,2.98,1.36,16.33
CEPV,Common Stock,FAIL,10.38,,1Y,0.0,2.88,0.01,10.36
CINT,Common Stock,FAIL,3.24,-35.46,1Y,0.0,2.86,0.24,2.76
FRMEP,Common Stock,FAIL,25.0,4.39,1Y,0.0,2.72,0.11,24.78
AVX,Common Stock,FAIL,3.77,-85.91,1Y,0.0,2.56,0.38,3.01
GDHG,Common Stock,FAIL,1.25,-83.7,1Y,0.0,2.48,0.09,1.07
DAVA,Common Stock,FAIL,2.87,-69.47,1Y,0.0,2.44,0.15,2.57
FCUV,Common Stock,FAIL,6.07,-94.12,1Y,0.0,2.36,2.99,0.09
CTAAU,Common Stock,FAIL,10.12,,1Y,0.0,2.35,0.02,10.08
BSEM,Common Stock,FAIL,4.02,-31.05,1Y,0.0,2.23,0.38,3.26
CCXIU,Common Stock,FAIL,14.6,,1Y,0.0,2.21,0.98,12.64
BRKHU,Common Stock,FAIL,10.12,,1Y,0.0,1.99,0.08,9.96
FCNCN,Common Stock,FAIL,24.83,,1Y,0.0,1.9,0.27,24.29
ATNM,Common Stock,FAIL,1.2,-25.47,1Y,0.0,1.81,0.06,1.08
BBLGW,Common Stock,FAIL,5.26,-51.25,1Y,0.0,1.79,0.59,4.08
CNF,Common Stock,FAIL,2.16,-30.77,1Y,0.0,1.77,0.09,1.98
ENJ,Common Stock,FAIL,19.2,-5.52,1Y,0.0,1.7,0.45,18.3
BEAM,Common Stock,FAIL,25.9,30.28,1Y,0.0,1.64,1.93,22.04
EGAN,Common Stock,FAIL,5.29,-32.87,1Y,0.0,1.63,0.41,4.47
EAF,Common Stock,FAIL,7.2,-6.74,1Y,0.0,1.58,0.62,5.96
BRFH,Common Stock,FAIL,1.26,-56.7,1Y,0.0,1.55,0.08,1.1
ARKR,Common Stock,FAIL,5.0,-29.58,1Y,0.0,1.45,0.3,4.4
CLLS,Common Stock,FAIL,3.16,3.61,1Y,0.0,1.45,0.21,2.74
GCGRU,Common Stock,FAIL,10.33,,1Y,0.0,1.42,0.02,10.29
AOUT,Common Stock,FAIL,15.09,72.46,1Y,0.0,1.39,0.9,13.29
CDZIP,Common Stock,FAIL,22.2,30.4,1Y,0.0,1.38,0.24,21.72
CDTG,Common Stock,FAIL,1.53,-94.44,1Y,0.0,1.33,0.87,-0.21
BXBL,Common Stock,FAIL,4.18,-58.03,1Y,0.0,1.3,0.33,3.52
AFJKU,Common Stock,FAIL,11.4,1.33,1Y,0.0,1.29,0.04,11.32
CMCM,Common Stock,FAIL,3.4,-53.93,1Y,0.0,1.29,0.17,3.06
EXOZ,Common Stock,FAIL,6.82,-45.0,1Y,0.0,1.27,0.71,5.4
FLC,Common Stock,FAIL,16.51,1.99,1Y,0.0,1.22,0.11,16.29
BCRX,Common Stock,FAIL,9.16,14.36,1Y,0.0,1.19,0.37,8.42
CUVL,Common Stock,FAIL,6.06,-16.07,1Y,0.0,1.19,0.53,5.0
AAPG,Common Stock,FAIL,17.32,-55.3,1Y,0.0,1.15,0.78,15.76
CMTV,Common Stock,FAIL,39.64,86.73,1Y,0.0,1.12,1.71,36.22
DOMO,Common Stock,FAIL,3.78,-75.75,1Y,0.0,1.1,0.15,3.48
DSWL,Common Stock,FAIL,3.04,-20.71,1Y,0.0,1.09,0.13,2.78
CAF,Common Stock,FAIL,18.68,22.8,1Y,0.0,1.07,0.29,18.1
CV,Common Stock,FAIL,6.34,74.66,1Y,0.0,1.06,0.29,5.76
FTEK,Common Stock,FAIL,1.63,-48.74,1Y,0.0,1.04,0.07,1.49
ALLR,Common Stock,FAIL,1.37,-24.31,1Y,0.0,1.03,0.09,1.19
ARXS,Common Stock,FAIL,52.96,,1Y,0.0,1.02,2.12,48.72
ATLCP,Common Stock,FAIL,23.9,9.01,1Y,0.0,1.02,0.2,23.5
BRID,Common Stock,FAIL,6.05,-22.83,1Y,0.0,1.01,0.19,5.67
BE,Common Stock,FAIL,275.41,337.44,1Y,0.0,1.0,15.82,243.77
BRBI,Common Stock,FAIL,10.91,,1Y,0.0,0.99,0.26,10.39
BVFL,Common Stock,FAIL,21.58,30.16,1Y,0.0,0.98,0.5,20.58
AGIG,Common Stock,FAIL,1.24,-83.6,1Y,0.0,0.97,0.09,1.06
AGNCL,Common Stock,FAIL,25.37,9.1,1Y,0.0,0.97,0.2,24.97
AEAQ,Common Stock,FAIL,10.08,,1Y,0.0,0.95,0.01,10.06
EFSCP,Common Stock,FAIL,18.0,-5.83,1Y,0.0,0.95,0.26,17.48
CRVO,Common Stock,FAIL,2.5,-73.74,1Y,0.0,0.92,0.12,2.26
APLM,Common Stock,FAIL,26.11,321.81,1Y,0.0,0.9,1.76,22.59
BMEZ,Common Stock,FAIL,16.96,28.79,1Y,0.0,0.9,0.34,16.28
CRBD,Common Stock,FAIL,20.92,-10.39,1Y,0.0,0.9,0.41,20.1
BPYPN,Common Stock,FAIL,13.7,12.94,1Y,0.0,0.89,0.09,13.52
FOFO,Common Stock,FAIL,2.18,,1Y,0.0,0.89,0.17,1.84
APUR,Common Stock,FAIL,10.02,,1Y,0.0,0.88,0.01,10.0
CTRM,Common Stock,FAIL,2.57,29.15,1Y,0.0,0.88,0.12,2.33
CURV,Common Stock,FAIL,2.63,45.3,1Y,0.0,0.88,0.18,2.27
DDL,Common Stock,FAIL,2.25,5.63,1Y,0.0,0.88,0.09,2.07
EOSE,Common Stock,FAIL,4.41,-35.81,1Y,0.0,0.88,0.34,3.73
AGMB,Common Stock,FAIL,15.76,,1Y,0.0,0.87,1.04,13.68
DXR,Common Stock,FAIL,10.27,-9.91,1Y,0.0,0.87,0.48,9.31
CET,Common Stock,FAIL,55.69,17.32,1Y,0.0,0.86,0.72,54.25
ACHV,Common Stock,FAIL,8.2,150.0,1Y,0.0,0.85,0.45,7.3
CHA,Common Stock,FAIL,12.4,-22.19,1Y,0.0,0.85,0.51,11.38
FAC,Common Stock,FAIL,5.9,-41.21,1Y,0.0,0.85,0.4,5.1
AXR,Common Stock,FAIL,22.9,5.0,1Y,0.0,0.84,0.51,21.88
EFSI,Common Stock,FAIL,45.7,28.02,1Y,0.0,0.84,1.48,42.74
GCV,Common Stock,FAIL,4.56,23.39,1Y,0.0,0.84,0.07,4.42
AEYE,Common Stock,FAIL,8.25,-36.05,1Y,0.0,0.83,0.57,7.11
ALAR,Common Stock,FAIL,1.59,-89.94,1Y,0.0,0.83,0.11,1.37
BLTE,Common Stock,FAIL,197.28,197.69,1Y,0.0,0.83,8.12,181.04
DPC,Common Stock,FAIL,42.94,,1Y,0.0,0.83,3.06,36.82
BME,Common Stock,FAIL,45.08,31.26,1Y,0.0,0.82,0.61,43.86
CBC,Common Stock,FAIL,32.69,,1Y,0.0,0.82,0.91,30.87
CLIR,Common Stock,FAIL,4.43,-22.28,1Y,0.0,0.82,0.43,3.57
CVM,Common Stock,FAIL,1.72,-82.23,1Y,0.0,0.81,0.11,1.5
DFLI,Common Stock,FAIL,1.16,-60.68,1Y,0.0,0.81,0.07,1.02
ATHE,Common Stock,FAIL,4.55,-10.26,1Y,0.0,0.8,0.29,3.97
ATAI,Common Stock,FAIL,7.36,55.93,1Y,0.0,0.79,0.08,7.2
AUC,Common Stock,FAIL,6.48,-11.72,1Y,0.0,0.79,0.25,5.98
DDT,Common Stock,FAIL,26.22,8.07,1Y,0.0,0.79,0.15,25.92
CMSA,Common Stock,FAIL,19.72,-9.79,1Y,0.0,0.78,0.2,19.32
AIRT,Common Stock,FAIL,32.85,30.88,1Y,0.0,0.77,1.82,29.21
AMGN,Common Stock,FAIL,397.83,46.8,1Y,0.0,0.77,11.69,374.45
AN,Common Stock,FAIL,210.78,-5.59,1Y,0.0,0.77,5.72,199.34
ACON,Common Stock,FAIL,2.4,-66.24,1Y,0.0,0.76,0.17,2.06
BWLP,Common Stock,FAIL,23.83,62.3,1Y,0.0,0.76,0.93,21.97
BFRI,Common Stock,FAIL,1.58,89.0,1Y,0.0,0.75,0.1,1.38
BRNX,Common Stock,FAIL,2.25,-99.52,1Y,0.0,0.75,1.38,-0.51
CHSCP,Common Stock,FAIL,26.78,-2.72,1Y,0.0,0.75,0.11,26.56
CICB,Common Stock,FAIL,25.21,6.62,1Y,0.0,0.75,0.13,24.95
BIDU,Common Stock,FAIL,91.1,-15.33,1Y,0.0,0.74,2.87,85.36
ATRA,Common Stock,FAIL,10.78,-8.49,1Y,0.0,0.73,0.63,9.52
CFFI,Common Stock,FAIL,95.07,38.46,1Y,0.0,0.73,3.1,88.87
CRDF,Common Stock,FAIL,1.12,-45.1,1Y,0.0,0.73,0.07,0.98
ENOV,Common Stock,FAIL,18.99,-37.66,1Y,0.0,0.73,1.32,16.35
AIRTP,Common Stock,FAIL,18.8,8.42,1Y,0.0,0.72,0.13,18.54
CCIF,Common Stock,FAIL,2.68,-40.53,1Y,0.0,0.72,0.08,2.52
CHMG,Common Stock,FAIL,84.21,64.12,1Y,0.0,0.72,1.97,80.27
BBN,Common Stock,FAIL,15.59,0.87,1Y,0.0,0.71,0.14,15.31
AIIO,Common Stock,FAIL,1.97,-93.84,1Y,0.0,0.7,0.22,1.53
EOT,Common Stock,FAIL,16.78,5.95,1Y,0.0,0.7,0.3,16.18
BWBBP,Common Stock,FAIL,19.82,6.37,1Y,0.0,0.69,0.1,19.62
ABVX,Common Stock,FAIL,116.63,33.09,1Y,0.0,0.68,3.8,109.03
DCBG,Common Stock,FAIL,26.55,7.04,1Y,0.0,0.68,0.21,26.13
FBYD,Common Stock,FAIL,8.02,-10.89,1Y,0.0,0.68,0.87,6.28
CRAI,Common Stock,FAIL,166.77,-12.51,1Y,0.0,0.67,4.68,157.41
DFDV,Common Stock,FAIL,6.01,-62.51,1Y,0.0,0.67,0.58,4.85
DGICB,Common Stock,FAIL,24.75,52.01,1Y,0.0,0.67,0.56,23.63
AGM,Common Stock,FAIL,225.07,18.46,1Y,0.0,0.66,5.53,214.01
ATRC,Common Stock,FAIL,51.94,47.77,1Y,0.0,0.66,2.1,47.74
ALTI,Common Stock,FAIL,3.36,-14.5,1Y,0.0,0.65,0.22,2.92
AMC,Common Stock,FAIL,2.52,-8.7,1Y,0.0,0.65,0.17,2.18
ARCC,Common Stock,FAIL,19.83,-2.22,1Y,0.0,0.65,0.22,19.39
ARQT,Common Stock,FAIL,24.28,38.19,1Y,0.0,0.65,0.92,22.44
CHPT,Common Stock,FAIL,10.02,-0.5,1Y,0.0,0.65,0.66,8.7
FTAIM,Common Stock,FAIL,27.11,12.14,1Y,0.0,0.65,0.16,26.79
FRMM,Common Stock,FAIL,4.92,-80.08,1Y,0.0,0.64,0.41,4.1
AEHR,Common Stock,FAIL,91.51,246.63,1Y,0.0,0.63,8.04,75.43
ASA,Common Stock,FAIL,62.92,56.44,1Y,0.0,0.63,3.12,56.68
BARK,Common Stock,FAIL,10.45,-39.53,1Y,0.0,0.63,0.46,9.53
CCG,Common Stock,FAIL,13.95,1216.04,1Y,0.0,0.63,1.74,10.47
CFND,Common Stock,FAIL,2.92,-64.65,1Y,0.0,0.63,0.22,2.48
CMBT,Common Stock,FAIL,19.36,115.65,1Y,0.0,0.63,0.58,18.2
AVAH,Common Stock,FAIL,13.73,66.22,1Y,0.0,0.62,0.57,12.59
AVAV,Common Stock,FAIL,148.97,-39.7,1Y,0.0,0.62,7.44,134.09
CLIK,Common Stock,FAIL,1.34,-87.09,1Y,0.0,0.62,0.07,1.2
CMPS,Common Stock,FAIL,14.21,181.39,1Y,0.0,0.62,0.67,12.87
EHLD,Common Stock,FAIL,11.95,76.72,1Y,0.0,0.62,0.49,10.97
BAFN,Common Stock,FAIL,6.9,-18.73,1Y,0.0,0.61,0.64,5.62
BILI,Common Stock,FAIL,15.95,-35.54,1Y,0.0,0.61,0.57,14.81
CPHC,Common Stock,FAIL,15.96,-2.6,1Y,0.0,0.61,0.13,15.7
CVCO,Common Stock,FAIL,557.26,3.17,1Y,0.0,0.61,15.99,525.28
DCOY,Common Stock,FAIL,2.77,-94.96,1Y,0.0,0.61,0.23,2.31
EDRY,Common Stock,FAIL,55.03,379.36,1Y,0.0,0.6,4.96,45.11
AGNC,Common Stock,FAIL,10.74,19.98,1Y,0.0,0.59,0.16,10.42
FNLC,Common Stock,FAIL,35.14,37.52,1Y,0.0,0.59,0.84,33.46
FSHP,Common Stock,FAIL,11.38,7.77,1Y,0.0,0.59,0.24,10.9
AKA,Common Stock,FAIL,10.37,-1.75,1Y,0.0,0.58,0.51,9.35
AXTI,Common Stock,FAIL,67.54,1910.12,1Y,0.0,0.58,6.44,54.66
BSBR,Common Stock,FAIL,5.97,15.72,1Y,0.0,0.58,0.12,5.73
COCP,Common Stock,FAIL,1.17,-19.86,1Y,0.0,0.58,0.07,1.03
CRBP,Common Stock,FAIL,10.58,9.52,1Y,0.0,0.58,0.62,9.34
CTA,Common Stock,FAIL,28.91,11.2,1Y,0.0,0.58,0.57,27.77
GBDC,Common Stock,FAIL,12.95,-2.12,1Y,0.0,0.58,0.18,12.59
BRIA,Common Stock,FAIL,1.46,-39.17,1Y,0.0,0.57,0.13,1.2
CYPH,Common Stock,FAIL,2.56,804.59,1Y,0.0,0.57,0.32,1.92
EIM,Common Stock,FAIL,9.45,-1.92,1Y,0.0,0.57,0.07,9.31
EXPE,Common Stock,FAIL,280.76,31.26,1Y,0.0,0.57,12.13,256.5
ALGS,Common Stock,FAIL,5.9,-44.91,1Y,0.0,0.56,0.59,4.72
BUI,Common Stock,FAIL,26.82,9.42,1Y,0.0,0.56,0.34,26.14
FKWL,Common Stock,FAIL,2.41,-39.73,1Y,0.0,0.56,0.07,2.27
BMHL,Common Stock,FAIL,5.97,55.06,1Y,0.0,0.55,0.19,5.59
BOOM,Common Stock,FAIL,7.02,2.78,1Y,0.0,0.55,0.31,6.4
CLNN,Common Stock,FAIL,3.66,-43.43,1Y,0.0,0.55,0.35,2.96
CPZ,Common Stock,FAIL,13.1,-12.28,1Y,0.0,0.55,0.22,12.66
FDUS,Common Stock,FAIL,19.68,3.69,1Y,0.0,0.55,0.2,19.28
AAOI,Common Stock,FAIL,115.33,316.05,1Y,0.0,0.54,9.19,96.95
ACRS,Common Stock,FAIL,6.05,196.57,1Y,0.0,0.54,0.31,5.43
AEF,Common Stock,FAIL,9.94,73.76,1Y,0.0,0.54,0.19,9.56
ALV,Common Stock,FAIL,119.36,-2.65,1Y,0.0,0.54,2.83,113.7
BATL,Common Stock,FAIL,1.3,23.81,1Y,0.0,0.54,0.06,1.18
BOSC,Common Stock,FAIL,4.74,-2.67,1Y,0.0,0.54,0.16,4.42
CCLD,Common Stock,FAIL,2.15,-38.57,1Y,0.0,0.54,0.12,1.91
CNTY,Common Stock,FAIL,1.19,-52.4,1Y,0.0,0.54,0.03,1.13
COHR,Common Stock,FAIL,309.21,198.78,1Y,0.0,0.54,17.2,274.81
CRDO,Common Stock,FAIL,174.37,6.35,1Y,0.0,0.54,15.39,143.59
EEIQ,Common Stock,FAIL,3.01,-65.8,1Y,0.0,0.54,0.23,2.55
EQNR,Common Stock,FAIL,43.06,81.29,1Y,0.0,0.54,1.01,41.04
FJET,Common Stock,FAIL,2.72,,1Y,0.0,0.54,0.22,2.28
AIFU,Common Stock,FAIL,17.36,-86.09,1Y,0.0,0.53,4.46,8.44
APT,Common Stock,FAIL,5.33,10.12,1Y,0.0,0.53,0.17,4.99
BMM,Common Stock,FAIL,6.14,,1Y,0.0,0.53,0.5,5.14
DHX,Common Stock,FAIL,4.29,44.44,1Y,0.0,0.53,0.31,3.67
ELC,Common Stock,FAIL,19.41,-4.3,1Y,0.0,0.53,0.22,18.97
ENGN,Common Stock,FAIL,1.93,-69.32,1Y,0.0,0.53,0.09,1.75
ENPH,Common Stock,FAIL,38.62,4.04,1Y,0.0,0.53,1.7,35.22
API,Common Stock,FAIL,4.08,9.97,1Y,0.0,0.52,0.15,3.78
AVBP,Common Stock,FAIL,31.25,65.61,1Y,0.0,0.52,1.3,28.65
FRAF,Common Stock,FAIL,63.8,38.0,1Y,0.0,0.52,1.52,60.76
FUND,Common Stock,FAIL,10.65,36.76,1Y,0.0,0.52,0.18,10.29
ABM,Common Stock,FAIL,47.43,5.83,1Y,0.0,0.51,0.91,45.61
AMD,Common Stock,FAIL,497.99,212.14,1Y,0.0,0.51,17.91,462.17
ANL,Common Stock,FAIL,15.3,764.41,1Y,0.0,0.51,1.01,13.28
BPOPM,Common Stock,FAIL,25.25,6.9,1Y,0.0,0.51,0.09,25.07
DBVT,Common Stock,FAIL,13.38,40.55,1Y,0.0,0.51,0.58,12.22
FICO,Common Stock,FAIL,907.95,-40.67,1Y,0.0,0.51,55.69,796.57
AHMA,Common Stock,FAIL,1.2,,1Y,0.0,0.5,0.11,0.98
ALB,Common Stock,FAIL,130.67,80.63,1Y,0.0,0.5,5.94,118.79
ASML,Common Stock,FAIL,1754.4,122.65,1Y,0.0,0.5,45.29,1663.82
BBDO,Common Stock,FAIL,3.19,21.66,1Y,0.0,0.5,0.12,2.95
BST,Common Stock,FAIL,50.86,38.95,1Y,0.0,0.5,0.71,49.44
CBFV,Common Stock,FAIL,37.6,17.32,1Y,0.0,0.5,0.36,36.88
CNSP,Common Stock,FAIL,5.98,-14.57,1Y,0.0,0.5,0.35,5.28
EPSM,Common Stock,FAIL,1.43,-96.46,1Y,0.0,0.5,0.11,1.21
EVGO,Common Stock,FAIL,1.45,-62.04,1Y,0.0,0.5,0.08,1.29
FGBIP,Common Stock,FAIL,18.37,4.71,1Y,0.0,0.5,0.15,18.07
FLNC,Common Stock,FAIL,11.07,63.76,1Y,0.0,0.5,0.59,9.89
AEO,Common Stock,FAIL,17.12,-8.62,1Y,0.0,0.49,0.68,15.76
ANGX,Common Stock,FAIL,4.99,,1Y,0.0,0.49,0.25,4.49
BMEA,Common Stock,FAIL,1.98,7.61,1Y,0.0,0.49,0.17,1.64
DH,Common Stock,FAIL,1.04,-73.87,1Y,0.0,0.49,0.09,0.86
DTSQ,Common Stock,FAIL,11.37,8.6,1Y,0.0,0.49,0.02,11.33
DUKB,Common Stock,FAIL,22.08,-6.73,1Y,0.0,0.49,0.22,21.64
ENTX,Common Stock,FAIL,2.87,54.3,1Y,0.0,0.49,0.24,2.39
FTCI,Common Stock,FAIL,2.59,-59.15,1Y,0.0,0.49,0.22,2.15
ANTA,Common Stock,FAIL,3.5,-71.52,1Y,0.0,0.48,0.37,2.76
BRZE,Common Stock,FAIL,29.78,-1.0,1Y,0.0,0.48,1.6,26.58
CSAN,Common Stock,FAIL,3.05,-43.52,1Y,0.0,0.48,0.16,2.73
ECO,Common Stock,FAIL,70.59,193.34,1Y,0.0,0.48,2.21,66.17
FCEL,Common Stock,FAIL,16.85,195.61,1Y,0.0,0.48,1.62,13.61
ABT,Common Stock,FAIL,105.56,-16.51,1Y,0.0,0.47,2.76,100.04
ABTC,Common Stock,FAIL,8.22,-93.82,1Y,0.0,0.47,1.01,6.2
ADX,Common Stock,FAIL,26.03,28.42,1Y,0.0,0.47,0.23,25.57
ANTX,Common Stock,FAIL,5.91,380.49,1Y,0.0,0.47,0.32,5.27
CHCO,Common Stock,FAIL,144.72,17.76,1Y,0.0,0.47,2.28,140.16
DFP,Common Stock,FAIL,20.19,1.94,1Y,0.0,0.47,0.13,19.93
DSU,Common Stock,FAIL,9.36,-0.34,1Y,0.0,0.47,0.05,9.26
ARQQ,Common Stock,FAIL,22.2,-20.14,1Y,0.0,0.46,1.54,19.12
AWP,Common Stock,FAIL,11.45,7.78,1Y,0.0,0.46,0.13,11.19
BCIC,Common Stock,FAIL,7.3,-31.81,1Y,0.0,0.46,0.12,7.06
BGT,Common Stock,FAIL,11.06,1.3,1Y,0.0,0.46,0.09,10.88
CRWV,Common Stock,FAIL,96.97,-17.22,1Y,0.0,0.46,4.67,87.63
CTW,Common Stock,FAIL,2.4,19.4,1Y,0.0,0.46,0.3,1.8
ERO,Common Stock,FAIL,38.98,139.73,1Y,0.0,0.46,2.18,34.62
ETW,Common Stock,FAIL,9.83,18.03,1Y,0.0,0.46,0.08,9.67
ASTS,Common Stock,FAIL,65.62,74.61,1Y,0.0,0.45,3.91,57.8
BBCP,Common Stock,FAIL,10.54,48.24,1Y,0.0,0.45,0.48,9.58
ELTX,Common Stock,FAIL,2.43,-79.37,1Y,0.0,0.45,0.14,2.15
FTF,Common Stock,FAIL,5.74,0.71,1Y,0.0,0.45,0.05,5.64
GAINI,Common Stock,FAIL,25.42,5.37,1Y,0.0,0.45,0.09,25.24
APPN,Common Stock,FAIL,35.67,14.95,1Y,0.0,0.44,2.13,31.41
BKNG,Common Stock,FAIL,183.88,-15.47,1Y,0.0,0.44,6.35,171.18
CHSCN,Common Stock,FAIL,25.2,6.41,1Y,0.0,0.44,0.14,24.92
CYTK,Common Stock,FAIL,76.15,46.44,1Y,0.0,0.44,2.63,70.89
DLNG,Common Stock,FAIL,3.8,3.93,1Y,0.0,0.44,0.12,3.56
ECX,Common Stock,FAIL,1.02,-40.7,1Y,0.0,0.44,0.05,0.92
FCAP,Common Stock,FAIL,62.71,48.31,1Y,0.0,0.44,1.52,59.67
FMS,Common Stock,FAIL,22.56,-5.59,1Y,0.0,0.44,0.34,21.88
ALAB,Common Stock,FAIL,300.0,30.23,1Y,0.0,0.43,18.31,263.38
AQMS,Common Stock,FAIL,3.0,-20.0,1Y,0.0,0.43,0.17,2.66
ARCL,Common Stock,FAIL,10.01,,1Y,0.0,0.43,0.02,9.97
AZN,Common Stock,FAIL,161.65,1.06,1Y,0.0,0.43,3.53,154.59
CCD,Common Stock,FAIL,24.6,29.24,1Y,0.0,0.43,0.48,23.64
DOV,Common Stock,FAIL,193.43,11.26,1Y,0.0,0.43,3.81,185.81
DSC,Common Stock,FAIL,7.99,,1Y,0.0,0.43,0.84,6.31
DUKR,Common Stock,FAIL,5.72,1488.89,1Y,0.0,0.43,0.28,5.16
ENO,Common Stock,FAIL,20.75,-8.21,1Y,0.0,0.43,0.13,20.49
FCX,Common Stock,FAIL,77.99,75.64,1Y,0.0,0.43,3.28,71.43
GDEV,Common Stock,FAIL,10.65,-29.7,1Y,0.0,0.43,0.53,9.59
AIO,Common Stock,FAIL,25.76,19.4,1Y,0.0,0.42,0.45,24.86
ASPI,Common Stock,FAIL,4.31,-48.51,1Y,0.0,0.42,0.23,3.85
ATHR,Common Stock,FAIL,3.43,-33.01,1Y,0.0,0.42,0.53,2.37
AVK,Common Stock,FAIL,12.46,10.48,1Y,0.0,0.42,0.17,12.12
BNT,Common Stock,FAIL,40.04,-10.17,1Y,0.0,0.42,0.67,38.7
BUD,Common Stock,FAIL,81.0,39.4,1Y,0.0,0.42,1.11,78.78
CCAP,Common Stock,FAIL,10.43,-23.92,1Y,0.0,0.42,0.21,10.01
CRSP,Common Stock,FAIL,54.69,5.56,1Y,0.0,0.42,3.1,48.49
CTGG,Common Stock,FAIL,16.38,,1Y,0.0,0.42,0.28,15.82
DNLI,Common Stock,FAIL,22.09,50.89,1Y,0.0,0.42,0.9,20.29
DOUG,Common Stock,FAIL,1.79,-30.89,1Y,0.0,0.42,0.06,1.67
APLD,Common Stock,FAIL,28.18,65.96,1Y,0.0,0.41,1.65,24.88
ASST,Common Stock,FAIL,26.73,-83.48,1Y,0.0,0.41,2.27,22.19
BON,Common Stock,FAIL,1.12,-41.97,1Y,0.0,0.41,0.05,1.02
CASY,Common Stock,FAIL,739.67,37.84,1Y,0.0,0.41,26.0,687.67
CGNT,Common Stock,FAIL,8.15,-1.33,1Y,0.0,0.41,0.32,7.51
CNCK,Common Stock,FAIL,1.99,-59.3,1Y,0.0,0.41,0.16,1.67
CNTB,Common Stock,FAIL,1.89,7.39,1Y,0.0,0.41,0.27,1.35
COYA,Common Stock,FAIL,4.75,-24.72,1Y,0.0,0.41,0.25,4.25
DMRA,Common Stock,FAIL,29.91,903.69,1Y,0.0,0.41,1.72,26.47
FISN,Common Stock,FAIL,7.01,,1Y,0.0,0.41,0.59,5.83
GCTS,Common Stock,FAIL,1.85,23.33,1Y,0.0,0.41,0.11,1.63
ABNB,Common Stock,FAIL,176.48,43.0,1Y,0.0,0.4,4.87,166.74
AIB,Common Stock,FAIL,1.39,,1Y,0.0,0.4,0.16,1.07
AIMD,Common Stock,FAIL,1.55,-55.07,1Y,0.0,0.4,0.08,1.39
AIRO,Common Stock,FAIL,7.51,-61.33,1Y,0.0,0.4,0.4,6.71
AIRS,Common Stock,FAIL,2.85,-53.28,1Y,0.0,0.4,0.19,2.47
ASAN,Common Stock,FAIL,8.88,-33.13,1Y,0.0,0.4,0.56,7.76
AXIN,Common Stock,FAIL,10.33,3.82,1Y,0.0,0.4,0.02,10.29
BCV,Common Stock,FAIL,24.75,23.14,1Y,0.0,0.4,0.43,23.89
BDMD,Common Stock,FAIL,1.12,-55.02,1Y,0.0,0.4,0.11,0.9
BHAV,Common Stock,FAIL,10.03,,1Y,0.0,0.4,0.01,10.01
BKT,Common Stock,FAIL,10.17,-5.12,1Y,0.0,0.4,0.13,9.91
CMMB,Common Stock,FAIL,2.83,-5.35,1Y,0.0,0.4,0.23,2.37
CNL,Common Stock,FAIL,17.51,28.28,1Y,0.0,0.4,0.88,15.75
CSBR,Common Stock,FAIL,5.06,-21.43,1Y,0.0,0.4,0.22,4.62
CSQ,Common Stock,FAIL,21.0,19.61,1Y,0.0,0.4,0.24,20.52
CSWC,Common Stock,FAIL,24.5,20.8,1Y,0.0,0.4,0.4,23.7
FIG,Common Stock,FAIL,23.3,-54.37,1Y,0.0,0.4,1.65,20.0
FNUC,Common Stock,FAIL,1.55,-60.05,1Y,0.0,0.4,0.1,1.35
FOCL,Common Stock,FAIL,4.21,58.27,1Y,0.0,0.4,0.19,3.83
FOF,Common Stock,FAIL,13.27,9.35,1Y,0.0,0.4,0.13,13.01
ADSE,Common Stock,FAIL,11.56,19.3,1Y,0.0,0.39,0.44,10.68
ATLC,Common Stock,FAIL,93.54,39.32,1Y,0.0,0.39,4.01,85.52
AVGO,Common Stock,FAIL,368.2,0.36,1Y,0.0,0.39,11.37,345.46
BEP,Common Stock,FAIL,32.46,33.74,1Y,0.0,0.39,0.81,30.84
CIMO,Common Stock,FAIL,25.36,9.5,1Y,0.0,0.39,0.07,25.22
CSW,Common Stock,FAIL,304.82,21.22,1Y,0.0,0.39,9.51,285.8
DAC,Common Stock,FAIL,155.29,69.16,1Y,0.0,0.39,3.01,149.27
DUKRW,Common Stock,FAIL,1.2,,1Y,0.0,0.39,0.17,0.86
GALT,Common Stock,FAIL,4.36,-12.8,1Y,0.0,0.39,0.33,3.7
AKAM,Common Stock,FAIL,102.21,33.17,1Y,0.0,0.38,3.92,94.37
AVTR,Common Stock,FAIL,14.89,18.08,1Y,0.0,0.38,0.44,14.01
BBT,Common Stock,FAIL,31.5,25.98,1Y,0.0,0.38,0.65,30.2
BKHAU,Common Stock,FAIL,12.0,11.42,1Y,0.0,0.38,0.07,11.86
BLIV,Common Stock,FAIL,2.26,-40.43,1Y,0.0,0.38,0.1,2.06
BZ,Common Stock,FAIL,16.85,-30.06,1Y,0.0,0.38,0.81,15.23
DOO,Common Stock,FAIL,63.32,-0.5,1Y,0.0,0.38,2.72,57.88
DSGR,Common Stock,FAIL,34.74,12.35,1Y,0.0,0.38,0.11,34.52
ECHO,Common Stock,FAIL,93.33,16.82,1Y,0.0,0.38,2.52,88.29
FISV,Common Stock,FAIL,51.31,-62.39,1Y,0.0,0.38,1.46,48.39
ACET,Common Stock,FAIL,9.7,-24.5,1Y,0.0,0.37,0.51,8.68
ACP,Common Stock,FAIL,4.97,0.21,1Y,0.0,0.37,0.06,4.85
ADBE,Common Stock,FAIL,257.16,-26.56,1Y,0.0,0.37,10.34,236.48
AMKR,Common Stock,FAIL,50.49,105.09,1Y,0.0,0.37,2.54,45.41
AXG,Common Stock,FAIL,2.0,-31.51,1Y,0.0,0.37,0.11,1.78
BCHT,Common Stock,FAIL,1.18,-67.22,1Y,0.0,0.37,0.06,1.06
BTQ,Common Stock,FAIL,3.06,,1Y,0.0,0.37,0.25,2.56
BXSL,Common Stock,FAIL,24.68,-3.03,1Y,0.0,0.37,0.38,23.92
BYRN,Common Stock,FAIL,3.6,-82.64,1Y,0.0,0.37,0.18,3.24
CIEN,Common Stock,FAIL,339.35,161.32,1Y,0.0,0.37,21.72,295.91
CII,Common Stock,FAIL,24.25,24.11,1Y,0.0,0.37,0.34,23.57
EMAT,Common Stock,FAIL,3.22,,1Y,0.0,0.37,0.61,2.0
FIGS,Common Stock,FAIL,13.49,97.8,1Y,0.0,0.37,0.61,12.27
FSLR,Common Stock,FAIL,211.62,3.84,1Y,0.0,0.37,7.0,197.62
ADSK,Common Stock,FAIL,212.14,-34.48,1Y,0.0,0.36,11.02,190.1
APYX,Common Stock,FAIL,2.98,51.27,1Y,0.0,0.36,0.15,2.68
ASG,Common Stock,FAIL,5.12,-0.31,1Y,0.0,0.36,0.07,4.98
BELFB,Common Stock,FAIL,248.06,70.51,1Y,0.0,0.36,10.0,228.06
BMBL,Common Stock,FAIL,2.94,-55.18,1Y,0.0,0.36,0.11,2.72
CAAS,Common Stock,FAIL,5.51,19.01,1Y,0.0,0.36,0.29,4.93
CCCC,Common Stock,FAIL,3.66,38.64,1Y,0.0,0.36,0.23,3.2
CHSCM,Common Stock,FAIL,24.51,4.64,1Y,0.0,0.36,0.26,23.99
CIB,Common Stock,FAIL,99.2,91.54,1Y,0.0,0.36,3.02,93.16
CLS,Common Stock,FAIL,326.43,29.01,1Y,0.0,0.36,15.47,295.49
CNM,Common Stock,FAIL,43.49,-10.44,1Y,0.0,0.36,1.24,41.01
CNXN,Common Stock,FAIL,82.78,32.47,1Y,0.0,0.36,2.2,78.38
CPK,Common Stock,FAIL,133.14,10.14,1Y,0.0,0.36,2.53,128.08
CPNG,Common Stock,FAIL,14.95,-53.46,1Y,0.0,0.36,0.51,13.93
CRMT,Common Stock,FAIL,2.35,-93.16,1Y,0.0,0.36,0.23,1.89
DCBO,Common Stock,FAIL,23.58,-21.52,1Y,0.0,0.36,0.97,21.64
DDI,Common Stock,FAIL,12.74,35.53,1Y,0.0,0.36,0.31,12.12
DHY,Common Stock,FAIL,1.7,-10.45,1Y,0.0,0.36,0.02,1.66
DLTH,Common Stock,FAIL,4.47,24.51,1Y,0.0,0.36,0.24,3.99
DOCU,Common Stock,FAIL,64.64,-17.99,1Y,0.0,0.36,2.74,59.16
DPG,Common Stock,FAIL,14.18,20.03,1Y,0.0,0.36,0.17,13.84
DRTS,Common Stock,FAIL,14.75,293.33,1Y,0.0,0.36,0.59,13.57
DXYZ,Common Stock,FAIL,33.67,27.68,1Y,0.0,0.36,2.1,29.47
EML,Common Stock,FAIL,25.57,8.19,1Y,0.0,0.36,1.06,23.45
ENLT,Common Stock,FAIL,77.77,163.0,1Y,0.0,0.36,2.64,72.49
EVN,Common Stock,FAIL,10.55,1.79,1Y,0.0,0.36,0.13,10.29
ALNY,Common Stock,FAIL,263.53,-43.85,1Y,0.0,0.35,11.79,239.95
ANIX,Common Stock,FAIL,2.98,-1.32,1Y,0.0,0.35,0.24,2.5
ANNA,Common Stock,FAIL,3.07,-29.54,1Y,0.0,0.35,0.18,2.71
ARLO,Common Stock,FAIL,13.99,-17.32,1Y,0.0,0.35,0.5,12.99
ATLX,Common Stock,FAIL,3.28,-29.16,1Y,0.0,0.35,0.15,2.98
BGS,Common Stock,FAIL,3.3,-16.87,1Y,0.0,0.35,0.11,3.08
BKYI,Common Stock,FAIL,2.81,-62.53,1Y,0.0,0.35,0.24,2.33
BLUW,Common Stock,FAIL,10.37,3.7,1Y,0.0,0.35,0.01,10.35
BTI,Common Stock,FAIL,55.56,4.43,1Y,0.0,0.35,0.86,53.84
CHE,Common Stock,FAIL,523.43,16.76,1Y,0.0,0.35,13.98,495.47
CMCT,Common Stock,FAIL,3.15,-99.56,1Y,0.0,0.35,0.4,2.35
CPBI,Common Stock,FAIL,20.99,32.93,1Y,0.0,0.35,0.1,20.79
EVG,Common Stock,FAIL,10.63,1.01,1Y,0.0,0.35,0.14,10.35
FCBM,Common Stock,FAIL,12.7,,1Y,0.0,0.35,0.23,12.24
FRMI,Common Stock,FAIL,5.53,,1Y,0.0,0.35,0.35,4.83
FRO,Common Stock,FAIL,46.4,121.34,1Y,0.0,0.35,1.59,43.22
GAB,Common Stock,FAIL,5.66,2.79,1Y,0.0,0.35,0.06,5.54
AADX,Common Stock,FAIL,12.64,,1Y,0.0,0.34,0.91,10.82
APG,Common Stock,FAIL,40.17,14.35,1Y,0.0,0.34,1.08,38.01
ARM,Common Stock,FAIL,256.18,66.2,1Y,0.0,0.34,13.23,229.72
ASX,Common Stock,FAIL,39.8,255.76,1Y,0.0,0.34,1.37,37.06
AVNW,Common Stock,FAIL,19.46,-14.24,1Y,0.0,0.34,1.17,17.12
BG,Common Stock,FAIL,125.97,56.91,1Y,0.0,0.34,4.92,116.13
BGR,Common Stock,FAIL,17.34,37.41,1Y,0.0,0.34,0.3,16.74
BIPH,Common Stock,FAIL,15.78,-3.57,1Y,0.0,0.34,0.2,15.38
BNED,Common Stock,FAIL,12.26,45.84,1Y,0.0,0.34,0.52,11.22
BUR,Common Stock,FAIL,4.41,-64.18,1Y,0.0,0.34,0.15,4.11
CETX,Common Stock,FAIL,2.53,-97.89,1Y,0.0,0.34,0.12,2.29
CNDT,Common Stock,FAIL,1.83,-34.64,1Y,0.0,0.34,0.09,1.65
CRGY,Common Stock,FAIL,14.25,70.87,1Y,0.0,0.34,0.48,13.29
CRVS,Common Stock,FAIL,14.26,140.47,1Y,0.0,0.34,0.68,12.9
DSP,Common Stock,FAIL,13.32,36.34,1Y,0.0,0.34,0.57,12.18
EARN,Common Stock,FAIL,4.34,-6.77,1Y,0.0,0.34,0.07,4.2
EIC,Common Stock,FAIL,10.03,-17.21,1Y,0.0,0.34,0.08,9.87
ERH,Common Stock,FAIL,11.5,3.22,1Y,0.0,0.34,0.11,11.28
EVF,Common Stock,FAIL,4.96,-3.01,1Y,0.0,0.34,0.04,4.88
EVLV,Common Stock,FAIL,5.06,-36.47,1Y,0.0,0.34,0.18,4.7
EXG,Common Stock,FAIL,9.94,20.15,1Y,0.0,0.34,0.09,9.76
FTHY,Common Stock,FAIL,13.22,0.09,1Y,0.0,0.34,0.09,13.04
ALLO,Common Stock,FAIL,1.91,72.07,1Y,0.0,0.33,0.12,1.67
AMWL,Common Stock,FAIL,13.19,101.37,1Y,0.0,0.33,0.68,11.83
ANVS,Common Stock,FAIL,1.36,-41.13,1Y,0.0,0.33,0.1,1.16
ATOM,Common Stock,FAIL,4.15,29.28,1Y,0.0,0.33,0.25,3.65
BHVN,Common Stock,FAIL,15.1,7.78,1Y,0.0,0.33,1.37,12.36
BSX,Common Stock,FAIL,45.77,-56.5,1Y,0.0,0.33,1.94,41.89
BTBD,Common Stock,FAIL,1.8,4.65,1Y,0.0,0.33,0.09,1.62
CAT,Common Stock,FAIL,822.16,96.16,1Y,0.0,0.33,22.44,777.28
CBRS,Common Stock,FAIL,202.74,,1Y,0.0,0.33,13.42,175.9
CEG,Common Stock,FAIL,303.17,-4.73,1Y,0.0,0.33,9.21,284.75
CNSY,Common Stock,FAIL,2.62,-77.22,1Y,0.0,0.33,0.2,2.22
DCH,Common Stock,FAIL,7.18,21.08,1Y,0.0,0.33,0.33,6.52
DHC,Common Stock,FAIL,7.59,75.23,1Y,0.0,0.33,0.24,7.11
DK,Common Stock,FAIL,75.79,160.81,1Y,0.0,0.33,4.61,66.57
DUOL,Common Stock,FAIL,145.85,-48.99,1Y,0.0,0.33,7.3,131.25
ERNA,Common Stock,FAIL,4.18,-87.04,1Y,0.0,0.33,0.39,3.4
ETSY,Common Stock,FAIL,72.57,25.51,1Y,0.0,0.33,3.46,65.65
EUDA,Common Stock,FAIL,13.29,-52.19,1Y,0.0,0.33,1.5,10.29
EWTX,Common Stock,FAIL,44.55,203.68,1Y,0.0,0.33,2.19,40.17
FBRT,Common Stock,FAIL,8.36,-18.98,1Y,0.0,0.33,0.21,7.94
FTW,Common Stock,FAIL,10.67,6.87,1Y,0.0,0.33,0.28,10.11
FWRG,Common Stock,FAIL,12.56,-28.96,1Y,0.0,0.33,0.56,11.44
AGEN,Common Stock,FAIL,7.77,60.87,1Y,0.0,0.32,0.6,6.57
ALM,Common Stock,FAIL,18.34,312.13,1Y,0.0,0.32,1.12,16.1
BCE,Common Stock,FAIL,23.61,2.99,1Y,0.0,0.32,0.34,22.93
BCG,Common Stock,FAIL,1.28,-28.09,1Y,0.0,0.32,0.08,1.12
BCPC,Common Stock,FAIL,170.45,10.23,1Y,0.0,0.32,3.7,163.05
BEKE,Common Stock,FAIL,17.17,-12.17,1Y,0.0,0.32,0.66,15.85
BNKK,Common Stock,FAIL,1.47,-89.31,1Y,0.0,0.32,0.12,1.23
BSRR,Common Stock,FAIL,40.64,39.37,1Y,0.0,0.32,0.84,38.96
CLAR,Common Stock,FAIL,3.75,-0.41,1Y,0.0,0.32,0.12,3.51
CPB,Common Stock,FAIL,21.06,-33.12,1Y,0.0,0.32,0.83,19.4
CSIQ,Common Stock,FAIL,14.08,30.01,1Y,0.0,0.32,0.86,12.36
DJT,Common Stock,FAIL,9.22,-45.38,1Y,0.0,0.32,0.5,8.22
DOYU,Common Stock,FAIL,4.51,-44.32,1Y,0.0,0.32,0.16,4.19
ELME,Common Stock,FAIL,1.68,-35.31,1Y,0.0,0.32,0.03,1.62
EOS,Common Stock,FAIL,21.57,-4.26,1Y,0.0,0.32,0.2,21.17
ESLT,Common Stock,FAIL,720.14,43.53,1Y,0.0,0.32,17.09,685.96
ESQ,Common Stock,FAIL,120.05,24.68,1Y,0.0,0.32,3.52,113.01
ESRT,Common Stock,FAIL,4.43,-41.0,1Y,0.0,0.32,0.13,4.17
EVCM,Common Stock,FAIL,7.3,-35.8,1Y,0.0,0.32,0.47,6.36
FLNT,Common Stock,FAIL,3.03,53.03,1Y,0.0,0.32,0.19,2.65
AEC,Common Stock,FAIL,4.27,-21.07,1Y,0.0,0.31,0.26,3.75
AFGB,Common Stock,FAIL,20.8,-3.37,1Y,0.0,0.31,0.32,20.16
AGCC,Common Stock,FAIL,14.43,,1Y,0.0,0.31,0.54,13.35
AMRN,Common Stock,FAIL,13.84,-7.73,1Y,0.0,0.31,0.52,12.8
AMRZ,Common Stock,FAIL,42.85,-19.5,1Y,0.0,0.31,1.16,40.53
ANPA,Common Stock,FAIL,3.48,-92.43,1Y,0.0,0.31,0.38,2.72
AREC,Common Stock,FAIL,2.39,19.56,1Y,0.0,0.31,0.16,2.07
AXTA,Common Stock,FAIL,36.25,17.16,1Y,0.0,0.31,0.85,34.55
BB,Common Stock,FAIL,7.71,103.97,1Y,0.0,0.31,0.36,6.99
BENF,Common Stock,FAIL,2.1,-51.39,1Y,0.0,0.31,0.16,1.78
BLDP,Common Stock,FAIL,2.45,26.94,1Y,0.0,0.31,0.1,2.25
BLRX,Common Stock,FAIL,2.64,-37.74,1Y,0.0,0.31,0.25,2.14
CE,Common Stock,FAIL,44.9,1.78,1Y,0.0,0.31,1.68,41.54
CIG,Common Stock,FAIL,2.26,18.31,1Y,0.0,0.31,0.06,2.14
CRM,Common Stock,FAIL,248.5,3.31,1Y,0.0,0.31,11.76,224.98
CTO,Common Stock,FAIL,21.56,37.5,1Y,0.0,0.31,0.26,21.04
DASH,Common Stock,FAIL,201.18,-21.85,1Y,0.0,0.31,8.03,185.12
EOD,Common Stock,FAIL,6.68,26.97,1Y,0.0,0.31,0.07,6.54
FSK,Common Stock,FAIL,12.34,-17.35,1Y,0.0,0.31,0.24,11.86
AB,Common Stock,FAIL,37.02,7.15,1Y,0.0,0.3,0.51,36.0
ABBV,Common Stock,FAIL,252.63,23.07,1Y,0.0,0.3,5.68,241.27
ACN,Common Stock,FAIL,179.29,-24.73,1Y,0.0,0.3,6.76,165.77
ADM,Common Stock,FAIL,85.13,42.68,1Y,0.0,0.3,2.88,79.37
AIRG,Common Stock,FAIL,5.3,27.25,1Y,0.0,0.3,0.23,4.84
AMBA,Common Stock,FAIL,64.19,-23.1,1Y,0.0,0.3,3.46,57.27
ANGH,Common Stock,FAIL,3.6,9.76,1Y,0.0,0.3,0.21,3.18
ASIC,Common Stock,FAIL,27.0,27.72,1Y,0.0,0.3,0.95,25.1
AUDC,Common Stock,FAIL,9.82,3.07,1Y,0.0,0.3,0.27,9.28
BP,Common Stock,FAIL,45.1,36.43,1Y,0.0,0.3,1.05,43.0
CALX,Common Stock,FAIL,35.56,-43.56,1Y,0.0,0.3,1.08,33.4
COST,Common Stock,FAIL,911.1,-4.17,1Y,0.0,0.3,17.17,876.76
CPSH,Common Stock,FAIL,3.85,13.24,1Y,0.0,0.3,0.21,3.43
CRCL,Common Stock,FAIL,98.95,-12.97,1Y,0.0,0.3,7.63,83.69
DBI,Common Stock,FAIL,5.03,11.62,1Y,0.0,0.3,0.29,4.45
DSL,Common Stock,FAIL,10.5,-6.25,1Y,0.0,0.3,0.09,10.32
EAI,Common Stock,FAIL,19.46,,1Y,0.0,0.3,0.18,19.1
EBMT,Common Stock,FAIL,22.24,31.53,1Y,0.0,0.3,0.7,20.84
FE,Common Stock,FAIL,46.98,13.01,1Y,0.0,0.3,0.73,45.52
FOR,Common Stock,FAIL,27.2,-1.52,1Y,0.0,0.3,0.74,25.72
AIBZ,Common Stock,FAIL,4.82,,1Y,0.0,0.29,0.49,3.84
ALC,Common Stock,FAIL,69.1,-10.82,1Y,0.0,0.29,1.27,66.56
ALT,Common Stock,FAIL,3.41,-7.08,1Y,0.0,0.29,0.16,3.09
ATHS,Common Stock,FAIL,24.97,3.72,1Y,0.0,0.29,0.21,24.55
ATXG,Common Stock,FAIL,3.35,-66.16,1Y,0.0,0.29,0.34,2.67
BATRA,Common Stock,FAIL,56.16,23.89,1Y,0.0,0.29,1.23,53.7
BCAX,Common Stock,FAIL,23.08,93.46,1Y,0.0,0.29,1.25,20.58
BCH,Common Stock,FAIL,42.46,49.45,1Y,0.0,0.29,0.92,40.62
BDJ,Common Stock,FAIL,9.84,18.59,1Y,0.0,0.29,0.07,9.7
BZUN,Common Stock,FAIL,2.83,-28.72,1Y,0.0,0.29,0.15,2.53
CNXU,Common Stock,FAIL,4.89,,1Y,0.0,0.29,0.92,3.05
COE,Common Stock,FAIL,12.99,-72.77,1Y,0.0,0.29,1.08,10.83
CVU,Common Stock,FAIL,5.3,110.32,1Y,0.0,0.29,0.22,4.86
DGNX,Common Stock,FAIL,1.56,-98.16,1Y,0.0,0.29,0.09,1.38
DV,Common Stock,FAIL,13.36,-3.19,1Y,0.0,0.29,0.04,13.28
DX,Common Stock,FAIL,12.98,19.17,1Y,0.0,0.29,0.16,12.66
ENIC,Common Stock,FAIL,4.59,30.99,1Y,0.0,0.29,0.11,4.37
ERII,Common Stock,FAIL,7.63,-47.7,1Y,0.0,0.29,0.21,7.21
FFAI,Common Stock,FAIL,1.84,-99.27,1Y,0.0,0.29,0.26,1.32
FORR,Common Stock,FAIL,12.03,22.01,1Y,0.0,0.29,0.48,11.07
FPI,Common Stock,FAIL,10.8,6.34,1Y,0.0,0.29,0.22,10.36
FRA,Common Stock,FAIL,10.83,-6.98,1Y,0.0,0.29,0.11,10.61
GAU,Common Stock,FAIL,2.28,-4.2,1Y,0.0,0.29,0.11,2.06
ABAT,Common Stock,FAIL,2.84,24.56,1Y,0.0,0.28,0.16,2.52
AEFC,Common Stock,FAIL,18.06,-6.96,1Y,0.0,0.28,0.25,17.56
AFCG,Common Stock,FAIL,3.49,-16.67,1Y,0.0,0.28,0.16,3.17
AKTX,Common Stock,FAIL,11.89,-62.37,1Y,0.0,0.28,1.11,9.67
ALLT,Common Stock,FAIL,7.76,-10.08,1Y,0.0,0.28,0.24,7.28
ARWR,Common Stock,FAIL,85.26,195.12,1Y,0.0,0.28,3.0,79.26
BANX,Common Stock,FAIL,20.84,10.58,1Y,0.0,0.28,0.27,20.3
BBD,Common Stock,FAIL,3.62,21.19,1Y,0.0,0.28,0.11,3.4
BHP,Common Stock,FAIL,93.17,82.31,1Y,0.0,0.28,2.48,88.21
BMY,Common Stock,FAIL,65.27,45.08,1Y,0.0,0.28,1.56,62.15
BNAI,Common Stock,FAIL,10.56,254.36,1Y,0.0,0.28,0.98,8.6
BPYPO,Common Stock,FAIL,15.04,13.41,1Y,0.0,0.28,0.14,14.76
BSIN,Common Stock,FAIL,1.54,31.62,1Y,0.0,0.28,0.08,1.38
BTGO,Common Stock,FAIL,7.57,,1Y,0.0,0.28,0.53,6.51
CBIO,Common Stock,FAIL,20.84,70.4,1Y,0.0,0.28,1.37,18.1
CGTX,Common Stock,FAIL,1.01,-59.76,1Y,0.0,0.28,0.05,0.91
CIFR,Common Stock,FAIL,18.5,80.49,1Y,0.0,0.28,1.34,15.82
CIK,Common Stock,FAIL,2.43,-10.54,1Y,0.0,0.28,0.02,2.39
COO,Common Stock,FAIL,67.63,-0.04,1Y,0.0,0.28,1.54,64.55
CRML,Common Stock,FAIL,7.26,27.15,1Y,0.0,0.28,0.69,5.88
CRTO,Common Stock,FAIL,17.58,-22.35,1Y,0.0,0.28,0.61,16.36
DEO,Common Stock,FAIL,88.32,-12.23,1Y,0.0,0.28,1.71,84.9
DNP,Common Stock,FAIL,10.74,15.84,1Y,0.0,0.28,0.11,10.52
DOW,Common Stock,FAIL,29.84,31.4,1Y,0.0,0.28,1.04,27.76
DPRO,Common Stock,FAIL,6.09,24.54,1Y,0.0,0.28,0.4,5.29
EDD,Common Stock,FAIL,5.97,24.11,1Y,0.0,0.28,0.08,5.81
EQPT,Common Stock,FAIL,19.76,,1Y,0.0,0.28,0.98,17.8
EROC,Common Stock,FAIL,13.23,,1Y,0.0,0.28,1.12,10.99
FAF,Common Stock,FAIL,72.71,13.53,1Y,0.0,0.28,1.81,69.09
FET,Common Stock,FAIL,81.2,197.22,1Y,0.0,0.28,3.5,74.2
GASS,Common Stock,FAIL,9.22,25.78,1Y,0.0,0.28,0.31,8.6
ACMR,Common Stock,FAIL,78.48,179.69,1Y,0.0,0.27,4.22,70.04
ADMA,Common Stock,FAIL,9.5,-39.72,1Y,0.0,0.27,0.28,8.94
AEG,Common Stock,FAIL,9.19,27.04,1Y,0.0,0.27,0.14,8.91
AIZN,Common Stock,FAIL,18.15,-6.4,1Y,0.0,0.27,0.26,17.63
ALMU,Common Stock,FAIL,13.34,1.06,1Y,0.0,0.27,0.79,11.76
AON,Common Stock,FAIL,319.21,-11.48,1Y,0.0,0.27,10.16,298.89
ARDT,Common Stock,FAIL,10.86,-16.65,1Y,0.0,0.27,0.4,10.06
ASTI,Common Stock,FAIL,3.09,70.72,1Y,0.0,0.27,0.18,2.73
AWX,Common Stock,FAIL,2.63,5.62,1Y,0.0,0.27,0.08,2.47
BALY,Common Stock,FAIL,8.98,-9.48,1Y,0.0,0.27,0.82,7.34
BEPC,Common Stock,FAIL,32.92,1.66,1Y,0.0,0.27,0.79,31.34
BGH,Common Stock,FAIL,14.15,-5.43,1Y,0.0,0.27,0.12,13.91
BHST,Common Stock,FAIL,1.88,-74.59,1Y,0.0,0.27,0.1,1.68
BRLT,Common Stock,FAIL,1.36,-45.82,1Y,0.0,0.27,0.08,1.2
CACC,Common Stock,FAIL,599.97,16.18,1Y,0.0,0.27,15.17,569.63
CAI,Common Stock,FAIL,25.08,-24.91,1Y,0.0,0.27,1.49,22.1
CHW,Common Stock,FAIL,8.58,25.33,1Y,0.0,0.27,0.1,8.38
CHWY,Common Stock,FAIL,23.18,-33.98,1Y,0.0,0.27,0.97,21.24
CHY,Common Stock,FAIL,12.9,27.92,1Y,0.0,0.27,0.19,12.52
CNQ,Common Stock,FAIL,51.62,68.74,1Y,0.0,0.27,1.26,49.1
CRESY,Common Stock,FAIL,12.35,48.87,1Y,0.0,0.27,0.46,11.43
CXM,Common Stock,FAIL,5.54,-28.15,1Y,0.0,0.27,0.4,4.74
DHT,Common Stock,FAIL,20.81,95.2,1Y,0.0,0.27,0.68,19.45
EBAY,Common Stock,FAIL,100.43,11.41,1Y,0.0,0.27,3.08,94.27
FMX,Common Stock,FAIL,119.25,41.54,1Y,0.0,0.27,2.3,114.65
FRT,Common Stock,FAIL,117.01,21.53,1Y,0.0,0.27,1.36,114.29
AARD,Common Stock,FAIL,5.19,-35.12,1Y,0.0,0.26,0.81,3.57
ACU,Common Stock,FAIL,60.83,47.63,1Y,0.0,0.26,2.18,56.47
ADAML,Common Stock,FAIL,25.0,21.28,1Y,0.0,0.26,0.08,24.84
ADIL,Common Stock,FAIL,6.98,-20.23,1Y,0.0,0.26,0.66,5.66
AGD,Common Stock,FAIL,12.16,10.36,1Y,0.0,0.26,0.17,11.82
AGNCM,Common Stock,FAIL,25.25,9.94,1Y,0.0,0.26,0.11,25.03
ALCO,Common Stock,FAIL,39.81,18.86,1Y,0.0,0.26,0.83,38.15
APVO,Common Stock,FAIL,1.81,-93.3,1Y,0.0,0.26,0.28,1.25
ARRY,Common Stock,FAIL,4.81,-41.27,1Y,0.0,0.26,0.2,4.41
ASO,Common Stock,FAIL,44.88,-5.88,1Y,0.0,0.26,1.49,41.9
ATLCL,Common Stock,FAIL,25.19,7.59,1Y,0.0,0.26,0.04,25.11
BCYC,Common Stock,FAIL,4.23,-39.57,1Y,0.0,0.26,0.19,3.85
BGX,Common Stock,FAIL,10.63,-7.19,1Y,0.0,0.26,0.07,10.49
BKV,Common Stock,FAIL,26.99,21.91,1Y,0.0,0.26,1.05,24.89
CADL,Common Stock,FAIL,12.77,163.3,1Y,0.0,0.26,0.82,11.13
CCEC,Common Stock,FAIL,22.65,8.33,1Y,0.0,0.26,0.27,22.11
CCJ,Common Stock,FAIL,102.99,29.85,1Y,0.0,0.26,4.18,94.63
CCL,Common Stock,FAIL,23.33,-24.41,1Y,0.0,0.26,0.76,21.81
CHCI,Common Stock,FAIL,21.01,13.63,1Y,0.0,0.26,1.14,18.73
CHMI,Common Stock,FAIL,2.95,16.24,1Y,0.0,0.26,0.04,2.87
CHRD,Common Stock,FAIL,147.91,44.81,1Y,0.0,0.26,4.45,139.01
CLPT,Common Stock,FAIL,13.56,28.77,1Y,0.0,0.26,0.88,11.8
CLX,Common Stock,FAIL,93.71,-20.48,1Y,0.0,0.26,2.82,88.07
CNVS,Common Stock,FAIL,2.26,-34.68,1Y,0.0,0.26,0.11,2.04
CURR,Common Stock,FAIL,3.58,119.63,1Y,0.0,0.26,0.5,2.58
CVX,Common Stock,FAIL,212.26,39.82,1Y,0.0,0.26,3.76,204.74
DEC,Common Stock,FAIL,15.76,8.56,1Y,0.0,0.26,0.42,14.92
DLTR,Common Stock,FAIL,125.42,26.88,1Y,0.0,0.26,5.38,114.66
DWTX,Common Stock,FAIL,2.3,-52.67,1Y,0.0,0.26,0.23,1.84
ECF,Common Stock,FAIL,12.44,19.28,1Y,0.0,0.26,0.15,12.14
EDUC,Common Stock,FAIL,1.33,19.82,1Y,0.0,0.26,0.03,1.27
EEA,Common Stock,FAIL,11.06,10.23,1Y,0.0,0.26,0.16,10.74
EP,Common Stock,FAIL,3.04,-25.67,1Y,0.0,0.26,0.18,2.68
ETN,Common Stock,FAIL,424.7,18.55,1Y,0.0,0.26,12.69,399.32
EVER,Common Stock,FAIL,24.68,6.15,1Y,0.0,0.26,1.18,22.32
FDSB,Common Stock,FAIL,18.37,32.06,1Y,0.0,0.26,0.27,17.83
FFC,Common Stock,FAIL,15.81,3.81,1Y,0.0,0.26,0.15,15.51
FIP,Common Stock,FAIL,3.42,-16.73,1Y,0.0,0.26,0.18,3.06
FRBT,Common Stock,FAIL,19.23,,1Y,0.0,0.26,0.6,18.03
FWONA,Common Stock,FAIL,88.16,-1.6,1Y,0.0,0.26,2.12,83.92
GAING,Common Stock,FAIL,25.0,,1Y,0.0,0.26,0.14,24.72
GCT,Common Stock,FAIL,50.69,79.62,1Y,0.0,0.26,2.34,46.01
AAL,Common Stock,FAIL,13.02,1.56,1Y,0.0,0.25,0.37,12.28
ACIW,Common Stock,FAIL,51.19,2.2,1Y,0.0,0.25,1.33,48.53
AERT,Common Stock,FAIL,7.1,47.92,1Y,0.0,0.25,0.3,6.5
AEVA,Common Stock,FAIL,16.4,14.77,1Y,0.0,0.25,1.1,14.2
AIRI,Common Stock,FAIL,2.61,-18.94,1Y,0.0,0.25,0.12,2.37
AMPX,Common Stock,FAIL,10.32,40.03,1Y,0.0,0.25,0.47,9.38
AMZN,Common Stock,FAIL,256.05,11.17,1Y,0.0,0.25,5.82,244.41
ANRO,Common Stock,FAIL,36.16,915.73,1Y,0.0,0.25,1.84,32.48
ARIS,Common Stock,FAIL,20.31,111.34,1Y,0.0,0.25,1.02,18.27
ARR,Common Stock,FAIL,16.33,25.24,1Y,0.0,0.25,0.21,15.91
ASGI,Common Stock,FAIL,22.19,21.99,1Y,0.0,0.25,0.58,21.03
BCSF,Common Stock,FAIL,11.77,-12.49,1Y,0.0,0.25,0.23,11.31
BLDR,Common Stock,FAIL,63.99,-54.37,1Y,0.0,0.25,2.86,58.27
BOC,Common Stock,FAIL,13.7,2.47,1Y,0.0,0.25,0.3,13.1
BOLT,Common Stock,FAIL,3.53,-32.95,1Y,0.0,0.25,0.27,2.99
BOT,Common Stock,FAIL,27.06,,1Y,0.0,0.25,1.59,23.88
BRR,Common Stock,FAIL,2.65,-73.87,1Y,0.0,0.25,0.2,2.25
BTG,Common Stock,FAIL,5.59,29.94,1Y,0.0,0.25,0.25,5.09
BVC,Common Stock,FAIL,16.35,664.02,1Y,0.0,0.25,1.75,12.85
BZH,Common Stock,FAIL,33.26,30.43,1Y,0.0,0.25,0.11,33.04
CAG,Common Stock,FAIL,15.3,-14.72,1Y,0.0,0.25,0.41,14.48
CF,Common Stock,FAIL,136.21,59.99,1Y,0.0,0.25,5.69,124.83
CHSCL,Common Stock,FAIL,25.48,6.01,1Y,0.0,0.25,0.15,25.18
CRH,Common Stock,FAIL,92.36,-16.06,1Y,0.0,0.25,2.47,87.42
CUBB,Common Stock,FAIL,21.9,7.55,1Y,0.0,0.25,0.12,21.66
CYH,Common Stock,FAIL,2.88,-1.37,1Y,0.0,0.25,0.07,2.74
DAL,Common Stock,FAIL,79.39,30.74,1Y,0.0,0.25,2.22,74.95
DDS,Common Stock,FAIL,651.66,19.69,1Y,0.0,0.25,22.39,606.88
DJCO,Common Stock,FAIL,617.01,28.55,1Y,0.0,0.25,25.62,565.77
DSGX,Common Stock,FAIL,74.95,-29.21,1Y,0.0,0.25,2.75,69.45
DXCM,Common Stock,FAIL,85.21,12.12,1Y,0.0,0.25,2.35,80.51
EH,Common Stock,FAIL,4.72,-69.96,1Y,0.0,0.25,0.26,4.2
ELDN,Common Stock,FAIL,2.97,14.67,1Y,0.0,0.25,0.17,2.63
ENB,Common Stock,FAIL,50.62,8.39,1Y,0.0,0.25,0.94,48.74
ETB,Common Stock,FAIL,15.59,12.99,1Y,0.0,0.25,0.14,15.31
EVEX,Common Stock,FAIL,2.24,-39.13,1Y,0.0,0.25,0.12,2.0
EVT,Common Stock,FAIL,28.9,28.64,1Y,0.0,0.25,0.32,28.26
EXC,Common Stock,FAIL,44.12,5.59,1Y,0.0,0.25,0.77,42.58
FRVO,Common Stock,FAIL,18.96,,1Y,0.0,0.25,1.66,15.64
FSCO,Common Stock,FAIL,5.27,-18.97,1Y,0.0,0.25,0.07,5.13
AAPL,Common Stock,FAIL,315.92,39.82,1Y,0.0,0.24,7.4,301.12
ACGL,Common Stock,FAIL,96.31,6.3,1Y,0.0,0.24,1.75,92.81
ADAG,Common Stock,FAIL,3.58,49.79,1Y,0.0,0.24,0.2,3.18
AISP,Common Stock,FAIL,2.07,-55.48,1Y,0.0,0.24,0.11,1.85
ALG,Common Stock,FAIL,171.42,-16.21,1Y,0.0,0.24,4.53,162.36
ALKS,Common Stock,FAIL,46.1,71.18,1Y,0.0,0.24,1.39,43.32
ALKT,Common Stock,FAIL,19.32,-23.3,1Y,0.0,0.24,0.69,17.94
ALNT,Common Stock,FAIL,95.79,110.23,1Y,0.0,0.24,4.94,85.91
ASM,Common Stock,FAIL,7.41,81.62,1Y,0.0,0.24,0.42,6.57
AUTL,Common Stock,FAIL,2.17,57.25,1Y,0.0,0.24,0.12,1.93
AWF,Common Stock,FAIL,10.05,-3.81,1Y,0.0,0.24,0.05,9.95
BIIB,Common Stock,FAIL,214.48,50.4,1Y,0.0,0.24,6.03,202.42
BIT,Common Stock,FAIL,11.87,-4.49,1Y,0.0,0.24,0.09,11.69
BKTI,Common Stock,FAIL,72.57,6.02,1Y,0.0,0.24,2.07,68.43
BMNR,Common Stock,FAIL,24.94,-45.29,1Y,0.0,0.24,1.88,21.18
CDZI,Common Stock,FAIL,4.27,18.61,1Y,0.0,0.24,0.23,3.81
CEPF,Common Stock,FAIL,10.36,2.47,1Y,0.0,0.24,0.05,10.26
CGEM,Common Stock,FAIL,21.65,234.62,1Y,0.0,0.24,1.02,19.61
CHKP,Common Stock,FAIL,132.72,-31.67,1Y,0.0,0.24,4.39,123.94
CLVT,Common Stock,FAIL,1.93,-54.48,1Y,0.0,0.24,0.13,1.67
CMTL,Common Stock,FAIL,1.55,-30.18,1Y,0.0,0.24,0.07,1.41
CRCT,Common Stock,FAIL,5.47,-8.47,1Y,0.0,0.24,0.22,5.03
CREX,Common Stock,FAIL,2.78,21.4,1Y,0.0,0.24,0.17,2.44
CUE,Common Stock,FAIL,26.8,17.24,1Y,0.0,0.24,2.88,21.04
CVE,Common Stock,FAIL,33.45,98.52,1Y,0.0,0.24,0.97,31.51
DDOG,Common Stock,FAIL,207.72,49.3,1Y,0.0,0.24,11.73,184.26
DHI,Common Stock,FAIL,139.32,-19.95,1Y,0.0,0.24,3.73,131.86
DHR,Common Stock,FAIL,206.34,7.93,1Y,0.0,0.24,6.61,193.12
DIS,Common Stock,FAIL,104.75,-8.22,1Y,0.0,0.24,2.26,100.23
EG,Common Stock,FAIL,374.38,11.45,1Y,0.0,0.24,7.3,359.78
ELOX,Common Stock,FAIL,16.61,,1Y,0.0,0.24,2.73,11.15
ELTK,Common Stock,FAIL,8.11,-20.02,1Y,0.0,0.24,0.47,7.17
ERC,Common Stock,FAIL,9.15,3.58,1Y,0.0,0.24,0.1,8.95
ESEA,Common Stock,FAIL,76.0,27.05,1Y,0.0,0.24,2.09,71.82
ET,Common Stock,FAIL,21.49,32.6,1Y,0.0,0.24,0.32,20.85
ETV,Common Stock,FAIL,15.27,16.81,1Y,0.0,0.24,0.19,14.89
FGL,Common Stock,FAIL,8.15,-99.93,1Y,0.0,0.24,6.22,-4.29
FINS,Common Stock,FAIL,12.57,4.58,1Y,0.0,0.24,0.13,12.31
FSV,Common Stock,FAIL,140.01,-31.05,1Y,0.0,0.24,3.37,133.27
FVRR,Common Stock,FAIL,9.03,-61.14,1Y,0.0,0.24,0.33,8.37
GAME,Common Stock,FAIL,2.94,-49.86,1Y,0.0,0.24,0.32,2.3
ABSI,Common Stock,FAIL,8.91,274.37,1Y,0.0,0.23,0.66,7.59
ACI,Common Stock,FAIL,12.34,-30.64,1Y,0.0,0.23,0.31,11.72
AFL,Common Stock,FAIL,115.85,10.3,1Y,0.0,0.23,1.89,112.07
AMAT,Common Stock,FAIL,466.32,186.93,1Y,0.0,0.23,16.49,433.34
AMH,Common Stock,FAIL,32.53,-0.76,1Y,0.0,0.23,0.46,31.61
ARGX,Common Stock,FAIL,1011.93,32.64,1Y,0.0,0.23,29.9,952.13
AZ,Common Stock,FAIL,5.97,-25.84,1Y,0.0,0.23,0.44,5.09
BA,Common Stock,FAIL,213.78,-6.04,1Y,0.0,0.23,3.97,205.84
BDX,Common Stock,FAIL,179.84,23.71,1Y,0.0,0.23,4.26,171.32
BEN,Common Stock,FAIL,34.59,49.87,1Y,0.0,0.23,0.74,33.11
BHV,Common Stock,FAIL,12.48,24.93,1Y,0.0,0.23,0.24,12.0
BLLN,Common Stock,FAIL,99.73,,1Y,0.0,0.23,4.8,90.13
BR,Common Stock,FAIL,168.4,-30.86,1Y,0.0,0.23,4.88,158.64
BRUN,Common Stock,FAIL,18.68,81.36,1Y,0.0,0.23,1.79,15.1
BSAC,Common Stock,FAIL,35.6,44.62,1Y,0.0,0.23,0.81,33.98
BULL,Common Stock,FAIL,9.59,-26.23,1Y,0.0,0.23,0.66,8.27
CAR,Common Stock,FAIL,133.01,-14.62,1Y,0.0,0.23,5.34,122.33
CCXI,Common Stock,FAIL,13.43,,1Y,0.0,0.23,0.78,11.87
CDLR,Common Stock,FAIL,25.47,17.7,1Y,0.0,0.23,0.69,24.09
CLSK,Common Stock,FAIL,13.08,30.41,1Y,0.0,0.23,0.93,11.22
CORZ,Common Stock,FAIL,18.33,14.63,1Y,0.0,0.23,1.01,16.31
CQP,Common Stock,FAIL,70.02,39.35,1Y,0.0,0.23,1.75,66.52
CRBU,Common Stock,FAIL,1.57,-11.8,1Y,0.0,0.23,0.08,1.41
CRDL,Common Stock,FAIL,2.2,101.83,1Y,0.0,0.23,0.14,1.92
CRON,Common Stock,FAIL,3.18,25.69,1Y,0.0,0.23,0.11,2.96
CVSA,Common Stock,FAIL,125.39,-5.82,1Y,0.0,0.23,5.04,115.31
DBX,Common Stock,FAIL,33.52,9.15,1Y,0.0,0.23,0.98,31.56
DELL,Common Stock,FAIL,522.04,324.82,1Y,0.0,0.23,28.54,464.96
DGXX,Common Stock,FAIL,3.94,49.24,1Y,0.0,0.23,0.26,3.42
DLPN,Common Stock,FAIL,1.2,2.56,1Y,0.0,0.23,0.06,1.08
DLY,Common Stock,FAIL,13.84,-2.29,1Y,0.0,0.23,0.1,13.64
DNN,Common Stock,FAIL,3.43,40.0,1Y,0.0,0.23,0.19,3.05
EAT,Common Stock,FAIL,226.65,46.65,1Y,0.0,0.23,8.55,209.55
ECC,Common Stock,FAIL,3.93,-29.92,1Y,0.0,0.23,0.07,3.79
EFX,Common Stock,FAIL,172.76,-28.84,1Y,0.0,0.23,7.2,158.36
EIKN,Common Stock,FAIL,10.96,,1Y,0.0,0.23,1.07,8.82
ELF,Common Stock,FAIL,105.74,-21.35,1Y,0.0,0.23,4.69,96.36
ELPC,Common Stock,FAIL,12.68,52.2,1Y,0.0,0.23,0.31,12.06
EOLS,Common Stock,FAIL,8.98,22.18,1Y,0.0,0.23,0.36,8.26
ETY,Common Stock,FAIL,14.42,-2.01,1Y,0.0,0.23,0.19,14.04
FCBC,Common Stock,FAIL,48.28,37.43,1Y,0.0,0.23,0.95,46.38
FINV,Common Stock,FAIL,3.41,-52.54,1Y,0.0,0.23,0.24,2.93
FIVN,Common Stock,FAIL,31.76,25.63,1Y,0.0,0.23,1.57,28.62
FLO,Common Stock,FAIL,6.26,-53.15,1Y,0.0,0.23,0.3,5.66
FLY,Common Stock,FAIL,22.44,-47.53,1Y,0.0,0.23,1.21,20.02
FPS,Common Stock,FAIL,31.69,,1Y,0.0,0.23,1.71,28.27
FTH,Common Stock,FAIL,40.97,382.0,1Y,0.0,0.23,2.95,35.07
GDDY,Common Stock,FAIL,95.83,-33.9,1Y,0.0,0.23,3.69,88.45
AAON,Common Stock,FAIL,79.89,-5.6,1Y,0.0,0.22,3.3,73.29
ACOG,Common Stock,FAIL,9.44,-2.18,1Y,0.0,0.22,0.6,8.24
ACTU,Common Stock,FAIL,1.39,-79.8,1Y,0.0,0.22,0.23,0.93
AGPU,Common Stock,FAIL,10.99,-22.88,1Y,0.0,0.22,0.82,9.35
AIV,Common Stock,FAIL,2.55,-8.93,1Y,0.0,0.22,0.05,2.45
ALIT,Common Stock,FAIL,14.19,-79.83,1Y,0.0,0.22,0.81,12.57
ALMS,Common Stock,FAIL,10.88,153.02,1Y,0.0,0.22,2.18,6.52
AMG,Common Stock,FAIL,360.78,55.23,1Y,0.0,0.22,11.0,338.78
APAC,Common Stock,FAIL,10.26,,1Y,0.0,0.22,0.0,10.26
APP,Common Stock,FAIL,310.8,-45.2,1Y,0.0,0.22,13.3,284.2
APWC,Common Stock,FAIL,1.37,-24.31,1Y,0.0,0.22,0.06,1.25
ATCX,Common Stock,FAIL,3.1,,1Y,0.0,0.22,0.22,2.66
AXP,Common Stock,FAIL,325.98,1.89,1Y,0.0,0.22,5.64,314.7
BAC,Common Stock,FAIL,62.24,26.8,1Y,0.0,0.22,1.07,60.1
BAND,Common Stock,FAIL,42.58,180.5,1Y,0.0,0.22,3.43,35.72
BBY,Common Stock,FAIL,88.25,21.62,1Y,0.0,0.22,3.81,80.63
BEEP,Common Stock,FAIL,3.07,-14.25,1Y,0.0,0.22,0.2,2.67
BN,Common Stock,FAIL,39.92,-10.16,1Y,0.0,0.22,0.73,38.46
BROS,Common Stock,FAIL,46.24,-28.89,1Y,0.0,0.22,1.96,42.32
BTDR,Common Stock,FAIL,12.69,-6.96,1Y,0.0,0.22,1.02,10.65
CAC,Common Stock,FAIL,57.87,49.68,1Y,0.0,0.22,2.24,53.39
CHRN,Common Stock,FAIL,20.35,407.48,1Y,0.0,0.22,2.12,16.11
CUBI,Common Stock,FAIL,78.88,14.73,1Y,0.0,0.22,1.9,75.08
CULP,Common Stock,FAIL,3.46,-26.38,1Y,0.0,0.22,0.12,3.22
DAKT,Common Stock,FAIL,19.76,-5.82,1Y,0.0,0.22,0.65,18.46
DBL,Common Stock,FAIL,14.22,-0.56,1Y,0.0,0.22,0.11,14.0
DOMH,Common Stock,FAIL,2.05,-63.2,1Y,0.0,0.22,0.12,1.81
DTW,Common Stock,FAIL,19.51,-8.89,1Y,0.0,0.22,0.35,18.81
EE,Common Stock,FAIL,39.63,68.72,1Y,0.0,0.22,1.6,36.43
EICA,Common Stock,FAIL,24.98,6.21,1Y,0.0,0.22,0.02,24.94
ELVA,Common Stock,FAIL,7.1,21.99,1Y,0.0,0.22,0.37,6.36
EXE,Common Stock,FAIL,99.25,5.2,1Y,0.0,0.22,2.27,94.71
F,Common Stock,FAIL,14.15,29.68,1Y,0.0,0.22,0.41,13.33
FCF,Common Stock,FAIL,21.23,24.58,1Y,0.0,0.22,0.37,20.49
FEIM,Common Stock,FAIL,63.51,94.52,1Y,0.0,0.22,3.95,55.61
FLXS,Common Stock,FAIL,81.46,67.15,1Y,0.0,0.22,3.62,74.22
FNKO,Common Stock,FAIL,5.76,71.43,1Y,0.0,0.22,0.43,4.9
FROG,Common Stock,FAIL,86.81,74.81,1Y,0.0,0.22,6.01,74.79
FT,Common Stock,FAIL,7.71,3.44,1Y,0.0,0.22,0.07,7.57
FUN,Common Stock,FAIL,15.92,-26.5,1Y,0.0,0.22,0.73,14.46
GBAB,Common Stock,FAIL,13.65,-4.17,1Y,0.0,0.22,0.15,13.35
GCO,Common Stock,FAIL,35.75,8.7,1Y,0.0,0.22,1.55,32.65
AAUC,Common Stock,FAIL,23.26,50.16,1Y,0.0,0.21,0.97,21.32
AER,Common Stock,FAIL,144.62,20.07,1Y,0.0,0.21,2.74,139.14
AGNT,Common Stock,FAIL,4.03,-62.73,1Y,0.0,0.21,0.2,3.63
AI,Common Stock,FAIL,10.23,-34.47,1Y,0.0,0.21,0.52,9.19
ALOY,Common Stock,FAIL,10.3,52.82,1Y,0.0,0.21,0.9,8.5
ALRM,Common Stock,FAIL,55.43,0.38,1Y,0.0,0.21,1.3,52.83
AMP,Common Stock,FAIL,557.81,14.88,1Y,0.0,0.21,12.17,533.47
ANF,Common Stock,FAIL,151.75,57.5,1Y,0.0,0.21,8.56,134.63
AOD,Common Stock,FAIL,10.68,30.37,1Y,0.0,0.21,0.1,10.48
APD,Common Stock,FAIL,302.69,8.09,1Y,0.0,0.21,6.04,290.61
ARDC,Common Stock,FAIL,12.33,-7.5,1Y,0.0,0.21,0.08,12.17
ARTV,Common Stock,FAIL,11.11,311.48,1Y,0.0,0.21,0.59,9.93
ASPN,Common Stock,FAIL,5.02,-19.94,1Y,0.0,0.21,0.23,4.56
ATEC,Common Stock,FAIL,9.23,-39.87,1Y,0.0,0.21,0.38,8.47
ATIIU,Common Stock,FAIL,11.3,9.6,1Y,0.0,0.21,0.03,11.24
AUB,Common Stock,FAIL,40.59,19.89,1Y,0.0,0.21,0.76,39.07
AVBH,Common Stock,FAIL,31.77,24.05,1Y,0.0,0.21,0.68,30.41
AXIL,Common Stock,FAIL,6.14,-13.88,1Y,0.0,0.21,0.44,5.26
BAX,Common Stock,FAIL,24.95,4.25,1Y,0.0,0.21,0.74,23.47
BBIO,Common Stock,FAIL,75.51,42.58,1Y,0.0,0.21,2.06,71.39
BCAL,Common Stock,FAIL,21.69,28.52,1Y,0.0,0.21,0.43,20.83
BCX,Common Stock,FAIL,13.16,39.62,1Y,0.0,0.21,0.24,12.68
BDL,Common Stock,FAIL,46.49,71.86,1Y,0.0,0.21,2.53,41.43
BDSX,Common Stock,FAIL,26.86,157.28,1Y,0.0,0.21,2.58,21.7
BETA,Common Stock,FAIL,22.11,,1Y,0.0,0.21,1.49,19.13
BKSY,Common Stock,FAIL,21.3,37.69,1Y,0.0,0.21,1.49,18.32
BRAI,Common Stock,FAIL,5.49,,1Y,0.0,0.21,0.32,4.85
BRSP,Common Stock,FAIL,4.64,-11.69,1Y,0.0,0.21,0.09,4.46
BUDA,Common Stock,FAIL,7.9,,1Y,0.0,0.21,0.36,7.18
BWXT,Common Stock,FAIL,160.43,-2.88,1Y,0.0,0.21,5.8,148.83
BXC,Common Stock,FAIL,81.41,2.34,1Y,0.0,0.21,3.72,73.97
CARG,Common Stock,FAIL,32.66,-7.74,1Y,0.0,0.21,1.08,30.5
CATX,Common Stock,FAIL,3.12,-3.41,1Y,0.0,0.21,0.18,2.76
CDNS,Common Stock,FAIL,291.46,-13.9,1Y,0.0,0.21,11.66,268.14
CDW,Common Stock,FAIL,144.55,-13.63,1Y,0.0,0.21,6.95,130.65
CHH,Common Stock,FAIL,99.8,-10.29,1Y,0.0,0.21,3.23,93.34
CIGI,Common Stock,FAIL,95.41,-42.11,1Y,0.0,0.21,3.21,88.99
CLM,Common Stock,FAIL,6.66,-1.96,1Y,0.0,0.21,0.1,6.46
CMT,Common Stock,FAIL,23.9,13.92,1Y,0.0,0.21,0.99,21.92
CNOBP,Common Stock,FAIL,25.4,13.9,1Y,0.0,0.21,0.08,25.24
CNXC,Common Stock,FAIL,29.89,-39.33,1Y,0.0,0.21,1.99,25.91
COLL,Common Stock,FAIL,23.38,-38.0,1Y,0.0,0.21,1.07,21.24
CRMD,Common Stock,FAIL,8.19,-35.97,1Y,0.0,0.21,0.29,7.61
CTGO,Common Stock,FAIL,20.08,-7.25,1Y,0.0,0.21,0.88,18.32
CTHH,Common Stock,FAIL,16.93,,1Y,0.0,0.21,0.21,16.51
CTRI,Common Stock,FAIL,20.64,-9.35,1Y,0.0,0.21,0.68,19.28
CTSH,Common Stock,FAIL,60.17,-11.04,1Y,0.0,0.21,2.13,55.91
CWEN,Common Stock,FAIL,32.91,21.82,1Y,0.0,0.21,0.76,31.39
DAVE,Common Stock,FAIL,372.38,73.81,1Y,0.0,0.21,21.57,329.24
DIN,Common Stock,FAIL,31.42,39.34,1Y,0.0,0.21,1.25,28.92
DMAC,Common Stock,FAIL,6.64,-6.87,1Y,0.0,0.21,0.31,6.02
DOCN,Common Stock,FAIL,116.67,241.24,1Y,0.0,0.21,6.84,102.99
DRD,Common Stock,FAIL,28.48,25.57,1Y,0.0,0.21,1.42,25.64
DXC,Common Stock,FAIL,11.2,-21.24,1Y,0.0,0.21,0.45,10.3
EFT,Common Stock,FAIL,10.62,-3.69,1Y,0.0,0.21,0.09,10.44
EHI,Common Stock,FAIL,5.7,-1.23,1Y,0.0,0.21,0.05,5.6
EIX,Common Stock,FAIL,58.96,11.95,1Y,0.0,0.21,4.21,50.54
ELMD,Common Stock,FAIL,26.95,13.95,1Y,0.0,0.21,2.15,22.65
ELV,Common Stock,FAIL,401.99,33.07,1Y,0.0,0.21,8.35,385.29
EMO,Common Stock,FAIL,54.33,23.75,1Y,0.0,0.21,1.06,52.21
EQ,Common Stock,FAIL,2.32,26.09,1Y,0.0,0.21,0.15,2.02
ETD,Common Stock,FAIL,21.61,-9.01,1Y,0.0,0.21,0.65,20.31
FANG,Common Stock,FAIL,203.72,49.4,1Y,0.0,0.21,5.57,192.58
FBLG,Common Stock,FAIL,1.77,-83.73,1Y,0.0,0.21,0.22,1.33
FBP,Common Stock,FAIL,28.17,31.69,1Y,0.0,0.21,0.51,27.15
FIS,Common Stock,FAIL,39.85,-38.38,1Y,0.0,0.21,1.21,37.43
FLNG,Common Stock,FAIL,31.09,36.31,1Y,0.0,0.21,0.88,29.33
FLUT,Common Stock,FAIL,98.3,-66.25,1Y,0.0,0.21,4.5,89.3
FLYX,Common Stock,FAIL,1.16,-72.83,1Y,0.0,0.21,0.07,1.02
FRSH,Common Stock,FAIL,12.16,-6.46,1Y,0.0,0.21,0.49,11.18
ACCO,Common Stock,FAIL,4.36,19.98,1Y,0.0,0.2,0.11,4.14
AEI,Common Stock,FAIL,1.4,-41.18,1Y,0.0,0.2,0.12,1.16
AEXA,Common Stock,FAIL,11.32,,1Y,0.0,0.2,0.24,10.84
AFJK,Common Stock,FAIL,12.21,8.53,1Y,0.0,0.2,0.42,11.37
AJG,Common Stock,FAIL,254.61,-12.37,1Y,0.0,0.2,7.45,239.71
ALHC,Common Stock,FAIL,13.12,-20.24,1Y,0.0,0.2,0.52,12.08
AMBQ,Common Stock,FAIL,58.96,68.26,1Y,0.0,0.2,2.9,53.16
AMCX,Common Stock,FAIL,11.93,57.6,1Y,0.0,0.2,0.44,11.05
AMSC,Common Stock,FAIL,30.42,-40.87,1Y,0.0,0.2,1.22,27.98
AMSF,Common Stock,FAIL,25.38,-39.65,1Y,0.0,0.2,0.59,24.2
AMTB,Common Stock,FAIL,29.34,41.39,1Y,0.0,0.2,0.6,28.14
AMTX,Common Stock,FAIL,1.84,-14.42,1Y,0.0,0.2,0.11,1.62
APLE,Common Stock,FAIL,15.55,33.51,1Y,0.0,0.2,0.3,14.95
AVEX,Common Stock,FAIL,16.68,,1Y,0.0,0.2,1.09,14.5
AVLN,Common Stock,FAIL,37.56,,1Y,0.0,0.2,1.96,33.64
AZO,Common Stock,FAIL,2960.25,-30.39,1Y,0.0,0.2,68.01,2824.23
AZTA,Common Stock,FAIL,30.74,4.99,1Y,0.0,0.2,1.72,27.3
BANL,Common Stock,FAIL,7.0,-26.59,1Y,0.0,0.2,2.04,2.92
BBAI,Common Stock,FAIL,2.92,-38.27,1Y,0.0,0.2,0.14,2.64
BCAT,Common Stock,FAIL,16.05,29.84,1Y,0.0,0.2,0.15,15.75
BHR,Common Stock,FAIL,1.89,-32.71,1Y,0.0,0.2,0.06,1.77
BOW,Common Stock,FAIL,33.62,16.01,1Y,0.0,0.2,0.18,33.26
BSET,Common Stock,FAIL,18.41,17.05,1Y,0.0,0.2,0.53,17.35
BSTZ,Common Stock,FAIL,31.28,52.86,1Y,0.0,0.2,0.67,29.94
BSVN,Common Stock,FAIL,56.74,19.61,1Y,0.0,0.2,1.56,53.62
BTBT,Common Stock,FAIL,1.66,-44.01,1Y,0.0,0.2,0.15,1.36
CASS,Common Stock,FAIL,55.47,33.98,1Y,0.0,0.2,1.78,51.91
CBSH,Common Stock,FAIL,58.49,4.61,1Y,0.0,0.2,0.91,56.67
CCI,Common Stock,FAIL,77.34,-13.79,1Y,0.0,0.2,1.73,73.88
CDNA,Common Stock,FAIL,49.67,272.62,1Y,0.0,0.2,2.52,44.63
CEVA,Common Stock,FAIL,28.07,22.15,1Y,0.0,0.2,1.27,25.53
CFR,Common Stock,FAIL,164.67,34.49,1Y,0.0,0.2,3.09,158.49
CGCFU,Common Stock,FAIL,9.95,,1Y,0.0,0.2,0.01,9.93
CJMB,Common Stock,FAIL,2.27,-54.78,1Y,0.0,0.2,0.26,1.75
CL,Common Stock,FAIL,88.57,9.12,1Y,0.0,0.2,1.53,85.51
CMSC,Common Stock,FAIL,20.84,-8.54,1Y,0.0,0.2,0.21,20.42
COAG,Common Stock,FAIL,44.76,,1Y,0.0,0.2,3.62,37.52
CRWS,Common Stock,FAIL,2.71,1.06,1Y,0.0,0.2,0.09,2.53
CWH,Common Stock,FAIL,6.56,-60.32,1Y,0.0,0.2,0.34,5.88
CXDO,Common Stock,FAIL,5.91,-7.94,1Y,0.0,0.2,0.24,5.43
DECK,Common Stock,FAIL,83.95,-26.44,1Y,0.0,0.2,2.52,78.91
DERM,Common Stock,FAIL,7.89,9.13,1Y,0.0,0.2,0.39,7.11
DFH,Common Stock,FAIL,13.19,-54.58,1Y,0.0,0.2,0.71,11.77
DGX,Common Stock,FAIL,234.85,32.66,1Y,0.0,0.2,5.05,224.75
DORM,Common Stock,FAIL,129.05,-18.92,1Y,0.0,0.2,3.45,122.15
DUK,Common Stock,FAIL,121.38,3.54,1Y,0.0,0.2,1.73,117.92
ECAT,Common Stock,FAIL,15.33,13.69,1Y,0.0,0.2,0.19,14.95
EME,Common Stock,FAIL,768.47,21.37,1Y,0.0,0.2,23.41,721.65
EPRX,Common Stock,FAIL,8.38,57.52,1Y,0.0,0.2,0.47,7.44
ESTC,Common Stock,FAIL,89.68,-0.28,1Y,0.0,0.2,5.78,78.12
ETO,Common Stock,FAIL,31.43,22.27,1Y,0.0,0.2,0.26,30.91
EXPD,Common Stock,FAIL,186.43,55.25,1Y,0.0,0.2,3.34,179.75
FATE,Common Stock,FAIL,2.47,147.0,1Y,0.0,0.2,0.14,2.19
FATN,Common Stock,FAIL,5.96,-5.16,1Y,0.0,0.2,0.33,5.3
FCNCA,Common Stock,FAIL,2176.78,12.29,1Y,0.0,0.2,44.78,2087.22
FNF,Common Stock,FAIL,45.72,-17.06,1Y,0.0,0.2,0.98,43.76
FNRN,Common Stock,FAIL,17.18,49.45,1Y,0.0,0.2,0.4,16.38
ACR,Common Stock,FAIL,14.34,-31.75,1Y,0.0,0.19,0.42,13.5
AES,Common Stock,FAIL,14.81,22.13,1Y,0.0,0.19,0.05,14.71
AGRO,Common Stock,FAIL,12.23,51.38,1Y,0.0,0.19,0.57,11.09
AII,Common Stock,FAIL,26.12,42.21,1Y,0.0,0.19,0.85,24.42
AIOT,Common Stock,FAIL,2.99,-40.2,1Y,0.0,0.19,0.11,2.77
AIRJ,Common Stock,FAIL,4.53,-3.0,1Y,0.0,0.19,0.25,4.03
AKTS,Common Stock,FAIL,26.1,,1Y,0.0,0.19,1.41,23.28
ALL,Common Stock,FAIL,256.56,30.74,1Y,0.0,0.19,5.06,246.44
APOG,Common Stock,FAIL,38.98,-3.63,1Y,0.0,0.19,1.3,36.38
ARBK,Common Stock,FAIL,2.92,-94.59,1Y,0.0,0.19,0.15,2.62
ARLP,Common Stock,FAIL,26.71,29.45,1Y,0.0,0.19,0.44,25.83
ASND,Common Stock,FAIL,268.55,35.32,1Y,0.0,0.19,8.27,252.01
ATOS,Common Stock,FAIL,2.54,-78.83,1Y,0.0,0.19,0.14,2.26
BL,Common Stock,FAIL,30.87,-42.47,1Y,0.0,0.19,1.45,27.97
BMN,Common Stock,FAIL,25.04,1.91,1Y,0.0,0.19,0.54,23.96
BNJ,Common Stock,FAIL,14.84,-0.13,1Y,0.0,0.19,0.16,14.52
BRW,Common Stock,FAIL,6.51,-8.78,1Y,0.0,0.19,0.08,6.35
BSBK,Common Stock,FAIL,9.24,-0.11,1Y,0.0,0.19,0.19,8.86
BTCS,Common Stock,FAIL,1.42,-65.73,1Y,0.0,0.19,0.14,1.14
BTX,Common Stock,FAIL,8.98,38.08,1Y,0.0,0.19,0.18,8.62
BUSE,Common Stock,FAIL,30.5,28.79,1Y,0.0,0.19,0.46,29.58
BUSEP,Common Stock,FAIL,26.1,3.0,1Y,0.0,0.19,0.21,25.68
CAPL,Common Stock,FAIL,23.06,24.32,1Y,0.0,0.19,0.53,22.0
CBNA,Common Stock,FAIL,46.5,50.68,1Y,0.0,0.19,1.49,43.52
CBRE,Common Stock,FAIL,144.16,-11.35,1Y,0.0,0.19,4.66,134.84
CHRS,Common Stock,FAIL,1.41,7.63,1Y,0.0,0.19,0.08,1.25
CION,Common Stock,FAIL,7.32,-14.98,1Y,0.0,0.19,0.17,6.98
CLOV,Common Stock,FAIL,4.16,37.75,1Y,0.0,0.19,0.14,3.88
CMG,Common Stock,FAIL,37.22,-3.85,1Y,0.0,0.19,1.19,34.84
COIN,Common Stock,FAIL,180.94,-42.62,1Y,0.0,0.19,13.37,154.2
CPRI,Common Stock,FAIL,13.19,-38.28,1Y,0.0,0.19,0.53,12.13
CPS,Common Stock,FAIL,26.71,-31.23,1Y,0.0,0.19,1.01,24.69
CPT,Common Stock,FAIL,105.67,1.03,1Y,0.0,0.19,1.41,102.85
CRS,Common Stock,FAIL,458.09,85.81,1Y,0.0,0.19,17.51,423.07
CTKB,Common Stock,FAIL,4.67,24.87,1Y,0.0,0.19,0.23,4.21
CVGI,Common Stock,FAIL,3.21,68.95,1Y,0.0,0.19,0.13,2.95
D,Common Stock,FAIL,66.64,16.94,1Y,0.0,0.19,1.03,64.58
DAR,Common Stock,FAIL,67.26,114.89,1Y,0.0,0.19,3.32,60.62
DFTX,Common Stock,FAIL,38.88,316.72,1Y,0.0,0.19,2.03,34.82
DKNG,Common Stock,FAIL,23.57,-48.37,1Y,0.0,0.19,1.15,21.27
DKS,Common Stock,FAIL,132.65,-40.22,1Y,0.0,0.19,10.22,112.21
DLHC,Common Stock,FAIL,3.97,-28.08,1Y,0.0,0.19,0.13,3.71
DLX,Common Stock,FAIL,23.95,31.87,1Y,0.0,0.19,0.62,22.71
DNA,Common Stock,FAIL,6.91,-32.85,1Y,0.0,0.19,0.52,5.87
DVN,Common Stock,FAIL,48.85,41.1,1Y,0.0,0.19,1.16,46.53
DXPE,Common Stock,FAIL,186.01,63.37,1Y,0.0,0.19,6.48,173.05
E,Common Stock,FAIL,54.75,58.68,1Y,0.0,0.19,1.14,52.47
EMBC,Common Stock,FAIL,5.65,-61.01,1Y,0.0,0.19,0.28,5.09
EOG,Common Stock,FAIL,146.85,26.36,1Y,0.0,0.19,3.27,140.31
ES,Common Stock,FAIL,72.0,17.63,1Y,0.0,0.19,1.22,69.56
EU,Common Stock,FAIL,1.26,-46.15,1Y,0.0,0.19,0.09,1.08
FCNCP,Common Stock,FAIL,19.73,-2.97,1Y,0.0,0.19,0.28,19.17
FIGR,Common Stock,FAIL,37.24,,1Y,0.0,0.19,2.62,32.0
FLGT,Common Stock,FAIL,19.68,-9.64,1Y,0.0,0.19,0.62,18.44
FTI,Common Stock,FAIL,80.24,96.88,1Y,0.0,0.19,2.18,75.88
ABR,Common Stock,FAIL,5.16,-49.87,1Y,0.0,0.18,0.16,4.84
ACTG,Common Stock,FAIL,4.56,44.76,1Y,0.0,0.18,0.09,4.38
AG,Common Stock,FAIL,21.05,123.66,1Y,0.0,0.18,1.1,18.85
AHRT,Common Stock,FAIL,6.61,0.32,1Y,0.0,0.18,0.11,6.39
AHT,Common Stock,FAIL,3.21,-48.14,1Y,0.0,0.18,0.09,3.03
AIFF,Common Stock,FAIL,1.13,-57.52,1Y,0.0,0.18,0.06,1.01
ALVO,Common Stock,FAIL,5.16,-35.74,1Y,0.0,0.18,0.32,4.52
ANIP,Common Stock,FAIL,70.57,-27.59,1Y,0.0,0.18,1.96,66.65
AOS,Common Stock,FAIL,59.53,-16.05,1Y,0.0,0.18,1.61,56.31
ASR,Common Stock,FAIL,258.14,-21.94,1Y,0.0,0.18,5.33,247.48
AUGO,Common Stock,FAIL,86.08,170.05,1Y,0.0,0.18,4.92,76.24
AVPT,Common Stock,FAIL,13.06,-17.08,1Y,0.0,0.18,0.44,12.18
AWK,Common Stock,FAIL,141.71,5.11,1Y,0.0,0.18,2.74,136.23
AXON,Common Stock,FAIL,512.0,-31.51,1Y,0.0,0.18,28.95,454.1
BBDC,Common Stock,FAIL,8.97,6.88,1Y,0.0,0.18,0.16,8.65
BCS,Common Stock,FAIL,26.91,34.4,1Y,0.0,0.18,0.4,26.11
BFAM,Common Stock,FAIL,68.17,-39.0,1Y,0.0,0.18,1.98,64.21
BKKT,Common Stock,FAIL,8.3,-11.8,1Y,0.0,0.18,0.74,6.82
BKR,Common Stock,FAIL,64.5,39.62,1Y,0.0,0.18,1.56,61.38
BNTX,Common Stock,FAIL,99.55,-1.44,1Y,0.0,0.18,6.09,87.37
BOF,Common Stock,FAIL,3.82,63.25,1Y,0.0,0.18,0.19,3.44
BRBR,Common Stock,FAIL,9.93,-72.99,1Y,0.0,0.18,0.56,8.81
BRC,Common Stock,FAIL,88.92,14.9,1Y,0.0,0.18,2.84,83.24
BW,Common Stock,FAIL,7.67,191.63,1Y,0.0,0.18,0.54,6.59
BWEN,Common Stock,FAIL,4.18,92.63,1Y,0.0,0.18,0.25,3.68
C,Common Stock,FAIL,136.98,43.95,1Y,0.0,0.18,2.78,131.42
CAE,Common Stock,FAIL,23.92,-9.15,1Y,0.0,0.18,0.64,22.64
CAKE,Common Stock,FAIL,107.69,86.97,1Y,0.0,0.18,3.75,100.19
CAVA,Common Stock,FAIL,60.32,-7.43,1Y,0.0,0.18,2.63,55.06
CCC,Common Stock,FAIL,7.18,-25.21,1Y,0.0,0.18,0.3,6.58
CCEP,Common Stock,FAIL,107.14,23.85,1Y,0.0,0.18,1.85,103.44
CEE,Common Stock,FAIL,20.5,30.0,1Y,0.0,0.18,0.49,19.52
CHD,Common Stock,FAIL,97.07,5.73,1Y,0.0,0.18,1.95,93.17
CI,Common Stock,FAIL,276.11,-7.15,1Y,0.0,0.18,5.28,265.55
CMCSA,Common Stock,FAIL,26.24,-12.32,1Y,0.0,0.18,0.58,25.08
CMRE,Common Stock,FAIL,15.28,28.09,1Y,0.0,0.18,0.47,14.34
CORT,Common Stock,FAIL,113.22,58.08,1Y,0.0,0.18,4.53,104.16
COUR,Common Stock,FAIL,5.72,-45.47,1Y,0.0,0.18,0.27,5.18
CR,Common Stock,FAIL,205.91,13.27,1Y,0.0,0.18,6.27,193.37
CRI,Common Stock,FAIL,32.82,18.34,1Y,0.0,0.18,1.31,30.2
CRNT,Common Stock,FAIL,2.11,5.5,1Y,0.0,0.18,0.06,1.99
CSGP,Common Stock,FAIL,30.32,-64.87,1Y,0.0,0.18,1.31,27.7
CSHR,Common Stock,FAIL,5.58,,1Y,0.0,0.18,0.41,4.76
CSTM,Common Stock,FAIL,27.77,91.65,1Y,0.0,0.18,1.02,25.73
DBGI,Common Stock,FAIL,3.71,-99.07,1Y,0.0,0.18,1.33,1.05
DDD,Common Stock,FAIL,3.42,61.32,1Y,0.0,0.18,0.19,3.04
DFIN,Common Stock,FAIL,49.31,-8.82,1Y,0.0,0.18,1.58,46.15
DNUT,Common Stock,FAIL,3.33,11.0,1Y,0.0,0.18,0.16,3.01
DOCS,Common Stock,FAIL,25.16,-63.54,1Y,0.0,0.18,1.01,23.14
DSX,Common Stock,FAIL,2.93,60.32,1Y,0.0,0.18,0.1,2.73
EDIT,Common Stock,FAIL,3.15,23.05,1Y,0.0,0.18,0.25,2.65
EFC,Common Stock,FAIL,13.46,11.47,1Y,0.0,0.18,0.16,13.14
EFOI,Common Stock,FAIL,2.88,18.52,1Y,0.0,0.18,0.16,2.56
ELVN,Common Stock,FAIL,59.81,211.19,1Y,0.0,0.18,2.01,55.79
ELVR,Common Stock,FAIL,56.85,201.43,1Y,0.0,0.18,2.61,51.63
ENLV,Common Stock,FAIL,1.11,-92.71,1Y,0.0,0.18,0.17,0.77
ENVX,Common Stock,FAIL,3.45,-62.3,1Y,0.0,0.18,0.18,3.09
EQT,Common Stock,FAIL,55.75,10.23,1Y,0.0,0.18,1.39,52.97
ESP,Common Stock,FAIL,64.08,35.38,1Y,0.0,0.18,1.65,60.78
FDXF,Common Stock,FAIL,130.0,,1Y,0.0,0.18,5.22,119.56
FORM,Common Stock,FAIL,108.68,269.16,1Y,0.0,0.18,6.55,95.58
FOUR,Common Stock,FAIL,42.44,-50.42,1Y,0.0,0.18,2.79,36.86
FOXX,Common Stock,FAIL,2.63,-51.3,1Y,0.0,0.18,0.31,2.01
FSSL,Common Stock,FAIL,11.91,,1Y,0.0,0.18,0.22,11.47
FTDR,Common Stock,FAIL,81.06,27.96,1Y,0.0,0.18,2.06,76.94
FWDI,Common Stock,FAIL,6.47,-74.33,1Y,0.0,0.18,0.58,5.31
AA,Common Stock,FAIL,52.15,69.94,1Y,0.0,0.17,2.22,47.71
AAMI,Common Stock,FAIL,92.89,100.16,1Y,0.0,0.17,2.67,87.55
ABG,Common Stock,FAIL,216.48,-12.36,1Y,0.0,0.17,5.72,205.04
ACDC,Common Stock,FAIL,5.37,38.4,1Y,0.0,0.17,0.38,4.61
ACNB,Common Stock,FAIL,65.58,51.95,1Y,0.0,0.17,1.69,62.2
AD,Common Stock,FAIL,38.8,16.03,1Y,0.0,0.17,0.95,36.9
ADCT,Common Stock,FAIL,1.33,-58.82,1Y,0.0,0.17,0.08,1.17
ADEA,Common Stock,FAIL,26.73,78.7,1Y,0.0,0.17,1.03,24.67
ADP,Common Stock,FAIL,270.32,-4.98,1Y,0.0,0.17,5.46,259.4
AIG,Common Stock,FAIL,75.4,-1.03,1Y,0.0,0.17,1.22,72.96
ALSN,Common Stock,FAIL,130.79,49.2,1Y,0.0,0.17,4.23,122.33
ALZN,Common Stock,FAIL,1.69,-28.09,1Y,0.0,0.17,0.11,1.47
AMRX,Common Stock,FAIL,17.15,74.64,1Y,0.0,0.17,0.47,16.21
ANET,Common Stock,FAIL,197.38,30.96,1Y,0.0,0.17,6.94,183.5
APH,Common Stock,FAIL,82.99,40.32,1Y,0.0,0.17,2.44,78.11
ARCB,Common Stock,FAIL,138.84,97.35,1Y,0.0,0.17,5.78,127.28
ATI,Common Stock,FAIL,204.47,167.67,1Y,0.0,0.17,7.5,189.47
ATKR,Common Stock,FAIL,93.79,57.33,1Y,0.0,0.17,0.23,93.33
ATLO,Common Stock,FAIL,32.01,63.29,1Y,0.0,0.17,0.77,30.47
ATLQU,Common Stock,FAIL,10.12,,1Y,0.0,0.17,0.02,10.08
ATRO,Common Stock,FAIL,75.4,115.21,1Y,0.0,0.17,3.31,68.78
AUR,Common Stock,FAIL,6.47,18.93,1Y,0.0,0.17,0.32,5.83
AVO,Common Stock,FAIL,12.72,8.35,1Y,0.0,0.17,0.34,12.04
AVTX,Common Stock,FAIL,19.72,78.95,1Y,0.0,0.17,0.89,17.94
BBGI,Common Stock,FAIL,17.19,252.25,1Y,0.0,0.17,1.48,14.23
BFLY,Common Stock,FAIL,7.29,386.0,1Y,0.0,0.17,0.57,6.15
BHC,Common Stock,FAIL,6.61,-7.55,1Y,0.0,0.17,0.3,6.01
BHK,Common Stock,FAIL,8.95,-0.1,1Y,0.0,0.17,0.09,8.77
BIAF,Common Stock,FAIL,8.81,-92.35,1Y,0.0,0.17,2.52,3.77
BLND,Common Stock,FAIL,1.47,-64.41,1Y,0.0,0.17,0.08,1.31
BMI,Common Stock,FAIL,130.55,-25.59,1Y,0.0,0.17,3.9,122.75
BOTJ,Common Stock,FAIL,27.7,83.77,1Y,0.0,0.17,0.6,26.5
BPRE,Common Stock,FAIL,11.85,,1Y,0.0,0.17,0.38,11.09
BRX,Common Stock,FAIL,29.26,9.93,1Y,0.0,0.17,0.38,28.5
BTU,Common Stock,FAIL,29.59,61.53,1Y,0.0,0.17,1.35,26.89
BWMX,Common Stock,FAIL,15.66,21.87,1Y,0.0,0.17,0.44,14.78
CALY,Common Stock,FAIL,15.76,70.01,1Y,0.0,0.17,0.4,14.96
CAMT,Common Stock,FAIL,148.71,83.12,1Y,0.0,0.17,7.45,133.81
CB,Common Stock,FAIL,339.39,23.07,1Y,0.0,0.17,5.39,328.61
CCK,Common Stock,FAIL,114.42,22.51,1Y,0.0,0.17,2.21,110.0
CELC,Common Stock,FAIL,97.22,73.82,1Y,0.0,0.17,3.78,89.66
CLPR,Common Stock,FAIL,3.26,-15.13,1Y,0.0,0.17,0.13,3.0
CMDB,Common Stock,FAIL,23.28,97.79,1Y,0.0,0.17,1.02,21.24
CNK,Common Stock,FAIL,34.8,29.7,1Y,0.0,0.17,1.11,32.58
CNMD,Common Stock,FAIL,46.49,-11.63,1Y,0.0,0.17,1.63,43.23
CNNE,Common Stock,FAIL,15.14,-15.9,1Y,0.0,0.17,0.42,14.3
COP,Common Stock,FAIL,136.39,49.16,1Y,0.0,0.17,2.92,130.55
COR,Common Stock,FAIL,326.5,11.02,1Y,0.0,0.17,6.66,313.18
CVI,Common Stock,FAIL,45.47,43.34,1Y,0.0,0.17,2.16,41.15
DB,Common Stock,FAIL,41.38,18.48,1Y,0.0,0.17,0.68,40.02
DETX,Common Stock,FAIL,2.19,,1Y,0.0,0.17,0.43,1.33
DG,Common Stock,FAIL,127.16,21.86,1Y,0.0,0.17,4.31,118.54
DMO,Common Stock,FAIL,10.1,-3.31,1Y,0.0,0.17,0.09,9.92
ECL,Common Stock,FAIL,278.33,4.54,1Y,0.0,0.17,5.64,267.05
EDN,Common Stock,FAIL,24.72,31.63,1Y,0.0,0.17,1.12,22.48
ENVB,Common Stock,FAIL,1.4,-87.33,1Y,0.0,0.17,0.1,1.2
EPD,Common Stock,FAIL,39.04,31.34,1Y,0.0,0.17,0.52,38.0
EQIX,Common Stock,FAIL,1044.9,36.72,1Y,0.0,0.17,32.86,979.18
EROK,Common Stock,FAIL,26.32,,1Y,0.0,0.17,1.07,24.18
EVMN,Common Stock,FAIL,12.44,,1Y,0.0,0.17,0.77,10.9
EW,Common Stock,FAIL,86.88,10.99,1Y,0.0,0.17,2.0,82.88
FBK,Common Stock,FAIL,56.88,8.52,1Y,0.0,0.17,1.12,54.64
FN,Common Stock,FAIL,427.27,14.68,1Y,0.0,0.17,20.27,386.73
FOA,Common Stock,FAIL,17.13,-33.24,1Y,0.0,0.17,0.72,15.69
FSLY,Common Stock,FAIL,20.51,178.67,1Y,0.0,0.17,1.58,17.35
FSS,Common Stock,FAIL,119.19,-4.83,1Y,0.0,0.17,3.42,112.35
GD,Common Stock,FAIL,356.77,12.39,1Y,0.0,0.17,6.94,342.89
ACIU,Common Stock,FAIL,2.81,17.08,1Y,0.0,0.16,0.16,2.49
ACRE,Common Stock,FAIL,4.56,6.85,1Y,0.0,0.16,0.1,4.36
ADAMI,Common Stock,FAIL,25.39,9.97,1Y,0.0,0.16,0.08,25.23
ADT,Common Stock,FAIL,7.32,-12.3,1Y,0.0,0.16,0.15,7.02
AEIS,Common Stock,FAIL,291.22,85.47,1Y,0.0,0.16,13.79,263.64
AFGC,Common Stock,FAIL,17.72,-5.92,1Y,0.0,0.16,0.19,17.34
AGX,Common Stock,FAIL,430.43,91.52,1Y,0.0,0.16,26.07,378.29
ALGN,Common Stock,FAIL,153.58,15.53,1Y,0.0,0.16,5.47,142.64
ALK,Common Stock,FAIL,41.37,-33.97,1Y,0.0,0.16,1.39,38.59
AMBP,Common Stock,FAIL,4.95,48.01,1Y,0.0,0.16,0.14,4.67
AMPL,Common Stock,FAIL,12.54,12.06,1Y,0.0,0.16,0.64,11.26
AMTM,Common Stock,FAIL,19.85,-16.49,1Y,0.0,0.16,0.62,18.61
ANNX,Common Stock,FAIL,4.72,106.11,1Y,0.0,0.16,0.26,4.2
APA,Common Stock,FAIL,43.95,95.29,1Y,0.0,0.16,1.53,40.89
APPS,Common Stock,FAIL,10.73,142.21,1Y,0.0,0.16,0.63,9.47
AS,Common Stock,FAIL,28.62,-22.04,1Y,0.0,0.16,1.09,26.44
ATPC,Common Stock,FAIL,2.43,-96.35,1Y,0.0,0.16,0.08,2.27
AU,Common Stock,FAIL,109.14,76.78,1Y,0.0,0.16,5.11,98.92
B,Common Stock,FAIL,44.74,54.94,1Y,0.0,0.16,1.68,41.38
BAK,Common Stock,FAIL,1.97,-40.12,1Y,0.0,0.16,0.16,1.65
BCDA,Common Stock,FAIL,1.09,-48.58,1Y,0.0,0.16,0.07,0.95
BGDE,Common Stock,FAIL,6.95,-0.71,1Y,0.0,0.16,0.58,5.79
BH,Common Stock,FAIL,377.41,23.18,1Y,0.0,0.16,14.6,348.21
BKU,Common Stock,FAIL,46.0,22.57,1Y,0.0,0.16,0.91,44.18
BLFS,Common Stock,FAIL,35.73,34.88,1Y,0.0,0.16,1.13,33.47
BLMN,Common Stock,FAIL,9.77,41.8,1Y,0.0,0.16,0.55,8.67
BLW,Common Stock,FAIL,12.49,-2.03,1Y,0.0,0.16,0.13,12.23
BNGO,Common Stock,FAIL,1.2,-75.61,1Y,0.0,0.16,0.06,1.08
BRO,Common Stock,FAIL,68.78,-24.92,1Y,0.0,0.16,1.85,65.08
BSL,Common Stock,FAIL,12.95,-0.88,1Y,0.0,0.16,0.07,12.81
BSY,Common Stock,FAIL,33.02,-36.86,1Y,0.0,0.16,1.32,30.38
BTE,Common Stock,FAIL,5.0,111.65,1Y,0.0,0.16,0.16,4.68
BTZ,Common Stock,FAIL,9.97,-1.51,1Y,0.0,0.16,0.09,9.79
BURL,Common Stock,FAIL,255.56,-8.61,1Y,0.0,0.16,12.5,230.56
BWG,Common Stock,FAIL,7.63,-2.59,1Y,0.0,0.16,0.06,7.51
BYND,Common Stock,FAIL,11.55,-84.54,1Y,0.0,0.16,0.92,9.71
CARS,Common Stock,FAIL,11.37,-14.32,1Y,0.0,0.16,0.44,10.49
CDXS,Common Stock,FAIL,1.49,-38.68,1Y,0.0,0.16,0.11,1.27
CELH,Common Stock,FAIL,30.17,-46.34,1Y,0.0,0.16,1.51,27.15
CENTA,Common Stock,FAIL,35.64,8.36,1Y,0.0,0.16,1.01,33.62
CENX,Common Stock,FAIL,48.81,118.19,1Y,0.0,0.16,2.4,44.01
CFFN,Common Stock,FAIL,8.81,43.81,1Y,0.0,0.16,0.15,8.51
CGEN,Common Stock,FAIL,2.59,85.0,1Y,0.0,0.16,0.14,2.31
CGO,Common Stock,FAIL,13.21,19.17,1Y,0.0,0.16,0.24,12.73
CIM,Common Stock,FAIL,11.62,-8.84,1Y,0.0,0.16,0.17,11.28
CLDI,Common Stock,FAIL,1.33,-94.84,1Y,0.0,0.16,0.1,1.13
CMPX,Common Stock,FAIL,2.31,-34.37,1Y,0.0,0.16,0.12,2.07
CMRC,Common Stock,FAIL,2.48,-45.13,1Y,0.0,0.16,0.17,2.14
CNI,Common Stock,FAIL,122.91,34.57,1Y,0.0,0.16,2.31,118.29
CNR,Common Stock,FAIL,99.64,37.87,1Y,0.0,0.16,3.35,92.94
CNTN,Common Stock,FAIL,2.31,-24.26,1Y,0.0,0.16,0.16,1.99
COLD,Common Stock,FAIL,14.0,13.82,1Y,0.0,0.16,0.39,13.22
CRWD,Common Stock,FAIL,208.12,95.94,1Y,0.0,0.16,14.03,180.06
CTAS,Common Stock,FAIL,200.32,0.46,1Y,0.0,0.16,3.27,193.78
CTVA,Common Stock,FAIL,86.82,22.09,1Y,0.0,0.16,2.49,81.84
CX,Common Stock,FAIL,10.98,20.15,1Y,0.0,0.16,0.27,10.44
CZWI,Common Stock,FAIL,21.91,35.34,1Y,0.0,0.16,0.52,20.87
DAO,Common Stock,FAIL,15.15,69.84,1Y,0.0,0.16,1.1,12.95
DE,Common Stock,FAIL,683.6,46.85,1Y,0.0,0.16,23.07,637.46
DNTH,Common Stock,FAIL,110.08,190.45,1Y,0.0,0.16,4.67,100.74
DTIL,Common Stock,FAIL,7.37,47.11,1Y,0.0,0.16,0.45,6.47
EGY,Common Stock,FAIL,6.12,61.52,1Y,0.0,0.16,0.17,5.78
ENSG,Common Stock,FAIL,171.22,3.2,1Y,0.0,0.16,3.99,163.24
ETR,Common Stock,FAIL,108.89,26.19,1Y,0.0,0.16,1.87,105.15
EVO,Common Stock,FAIL,1.81,-46.92,1Y,0.0,0.16,0.06,1.69
EVV,Common Stock,FAIL,9.01,-4.52,1Y,0.0,0.16,0.07,8.87
EXEL,Common Stock,FAIL,58.57,55.36,1Y,0.0,0.16,1.46,55.65
EXFY,Common Stock,FAIL,2.35,25.0,1Y,0.0,0.16,0.15,2.05
EZRA,Common Stock,FAIL,2.79,-90.78,1Y,0.0,0.16,0.27,2.25
FC,Common Stock,FAIL,19.01,2.81,1Y,0.0,0.16,0.72,17.57
FDMT,Common Stock,FAIL,15.19,118.88,1Y,0.0,0.16,1.1,12.99
FER,Common Stock,FAIL,58.17,5.34,1Y,0.0,0.16,1.04,56.09
FIX,Common Stock,FAIL,1638.99,118.37,1Y,0.0,0.16,67.26,1504.47
FOXA,Common Stock,FAIL,64.92,14.58,1Y,0.0,0.16,1.73,61.46
FSUN,Common Stock,FAIL,40.72,8.1,1Y,0.0,0.16,0.75,39.22
FTAI,Common Stock,FAIL,196.54,17.82,1Y,0.0,0.16,9.05,178.44
FUBO,Common Stock,FAIL,11.32,-76.0,1Y,0.0,0.16,0.75,9.82
FULT,Common Stock,FAIL,23.8,28.12,1Y,0.0,0.16,0.38,23.04
GANX,Common Stock,FAIL,1.82,5.2,1Y,0.0,0.16,0.09,1.64
GAP,Common Stock,FAIL,22.34,-4.33,1Y,0.0,0.16,1.01,20.32
ABCB,Common Stock,FAIL,85.3,16.58,1Y,0.0,0.15,1.32,82.66
ABOS,Common Stock,FAIL,3.2,137.04,1Y,0.0,0.15,0.19,2.82
ACAD,Common Stock,FAIL,27.92,17.31,1Y,0.0,0.15,0.89,26.14
ACFN,Common Stock,FAIL,18.83,-37.52,1Y,0.0,0.15,1.29,16.25
ACXP,Common Stock,FAIL,1.41,-65.36,1Y,0.0,0.15,0.06,1.29
ADAM,Common Stock,FAIL,9.72,52.53,1Y,0.0,0.15,0.17,9.38
ADAMM,Common Stock,FAIL,25.64,13.84,1Y,0.0,0.15,0.09,25.46
ADTN,Common Stock,FAIL,7.32,-29.21,1Y,0.0,0.15,0.3,6.72
ADUS,Common Stock,FAIL,118.72,7.66,1Y,0.0,0.15,2.86,113.0
AEP,Common Stock,FAIL,126.18,20.08,1Y,0.0,0.15,2.07,122.04
AGBK,Common Stock,FAIL,6.79,,1Y,0.0,0.15,0.22,6.35
AGI,Common Stock,FAIL,36.73,11.12,1Y,0.0,0.15,1.56,33.61
AGYS,Common Stock,FAIL,109.01,0.8,1Y,0.0,0.15,3.99,101.03
AIIR,Common Stock,FAIL,7.19,-29.92,1Y,0.0,0.15,0.87,5.45
AIP,Common Stock,FAIL,21.83,152.08,1Y,0.0,0.15,1.21,19.41
AMPG,Common Stock,FAIL,3.57,-7.27,1Y,0.0,0.15,0.2,3.17
AMT,Common Stock,FAIL,178.74,-4.19,1Y,0.0,0.15,3.82,171.1
ARES,Common Stock,FAIL,140.82,-18.39,1Y,0.0,0.15,4.13,132.56
ASB,Common Stock,FAIL,30.77,21.24,1Y,0.0,0.15,0.51,29.75
ASUR,Common Stock,FAIL,8.97,12.55,1Y,0.0,0.15,0.34,8.29
ATGL,Common Stock,FAIL,6.2,-81.7,1Y,0.0,0.15,0.45,5.3
AWRE,Common Stock,FAIL,1.27,-53.48,1Y,0.0,0.15,0.08,1.11
BABA,Common Stock,FAIL,112.19,-21.34,1Y,0.0,0.15,3.72,104.75
BAP,Common Stock,FAIL,380.55,50.86,1Y,0.0,0.15,8.98,362.59
BBUC,Common Stock,FAIL,27.56,-17.68,1Y,0.0,0.15,0.7,26.16
BESS,Common Stock,FAIL,3.14,-49.35,1Y,0.0,0.15,0.31,2.52
BGB,Common Stock,FAIL,11.19,-3.13,1Y,0.0,0.15,0.04,11.11
BIRD,Common Stock,FAIL,2.49,-53.09,1Y,0.0,0.15,0.2,2.09
BJRI,Common Stock,FAIL,60.9,94.88,1Y,0.0,0.15,2.56,55.78
BLK,Common Stock,FAIL,1105.51,1.86,1Y,0.0,0.15,22.26,1060.99
BLZE,Common Stock,FAIL,13.23,34.73,1Y,0.0,0.15,0.93,11.37
BPOP,Common Stock,FAIL,169.29,38.65,1Y,0.0,0.15,3.1,163.09
BTO,Common Stock,FAIL,40.1,13.94,1Y,0.0,0.15,0.76,38.58
BX,Common Stock,FAIL,135.82,-20.7,1Y,0.0,0.15,3.76,128.3
CABA,Common Stock,FAIL,3.42,96.55,1Y,0.0,0.15,0.24,2.94
CAL,Common Stock,FAIL,12.23,-19.81,1Y,0.0,0.15,0.66,10.91
CARR,Common Stock,FAIL,59.55,-3.25,1Y,0.0,0.15,1.41,56.73
CBZ,Common Stock,FAIL,54.73,-1.79,1Y,0.0,0.15,0.31,54.11
CCOI,Common Stock,FAIL,9.98,-71.58,1Y,0.0,0.15,0.78,8.42
CGAU,Common Stock,FAIL,23.19,160.94,1Y,0.0,0.15,1.01,21.17
CHI,Common Stock,FAIL,12.58,30.69,1Y,0.0,0.15,0.22,12.14
CHRW,Common Stock,FAIL,149.01,18.52,1Y,0.0,0.15,3.64,141.73
CHTR,Common Stock,FAIL,147.73,-43.83,1Y,0.0,0.15,7.51,132.71
CLMT,Common Stock,FAIL,53.92,205.32,1Y,0.0,0.15,2.32,49.28
CLRO,Common Stock,FAIL,4.96,12.98,1Y,0.0,0.15,0.41,4.14
COCO,Common Stock,FAIL,55.09,42.94,1Y,0.0,0.15,2.37,50.35
COHU,Common Stock,FAIL,52.35,150.48,1Y,0.0,0.15,3.12,46.11
COLB,Common Stock,FAIL,30.64,22.85,1Y,0.0,0.15,0.63,29.38
CP,Common Stock,FAIL,92.03,24.33,1Y,0.0,0.15,1.98,88.07
CPRT,Common Stock,FAIL,32.83,-32.34,1Y,0.0,0.15,1.04,30.75
CPSS,Common Stock,FAIL,9.34,12.26,1Y,0.0,0.15,0.41,8.52
CTEV,Common Stock,FAIL,36.76,-41.84,1Y,0.0,0.15,2.28,32.2
CW,Common Stock,FAIL,574.4,16.11,1Y,0.0,0.15,20.2,534.0
DINO,Common Stock,FAIL,109.22,120.41,1Y,0.0,0.15,3.97,101.28
DLR,Common Stock,FAIL,190.8,12.89,1Y,0.0,0.15,5.42,179.96
DMRC,Common Stock,FAIL,5.21,-44.34,1Y,0.0,0.15,0.49,4.23
DTG,Common Stock,FAIL,15.64,-9.45,1Y,0.0,0.15,0.21,15.22
DTI,Common Stock,FAIL,2.62,34.36,1Y,0.0,0.15,0.11,2.4
EBS,Common Stock,FAIL,6.03,-24.34,1Y,0.0,0.15,0.33,5.37
EMBJ,Common Stock,FAIL,75.03,26.79,1Y,0.0,0.15,2.01,71.01
ENGS,Common Stock,FAIL,2.77,-54.06,1Y,0.0,0.15,0.11,2.55
EOI,Common Stock,FAIL,20.0,0.94,1Y,0.0,0.15,0.19,19.62
ESTA,Common Stock,FAIL,73.8,94.57,1Y,0.0,0.15,2.95,67.9
ETJ,Common Stock,FAIL,8.37,1.24,1Y,0.0,0.15,0.07,8.23
EXK,Common Stock,FAIL,11.22,90.82,1Y,0.0,0.15,0.67,9.88
EXP,Common Stock,FAIL,190.58,-17.05,1Y,0.0,0.15,5.38,179.82
EYE,Common Stock,FAIL,16.52,-26.97,1Y,0.0,0.15,0.8,14.92
FBLA,Common Stock,FAIL,15.94,32.39,1Y,0.0,0.15,0.23,15.48
FBNC,Common Stock,FAIL,64.58,19.99,1Y,0.0,0.15,1.25,62.08
FDX,Common Stock,FAIL,317.58,76.9,1Y,0.0,0.15,7.99,301.6
FFIV,Common Stock,FAIL,389.38,19.19,1Y,0.0,0.15,11.94,365.5
FIBK,Common Stock,FAIL,37.37,22.55,1Y,0.0,0.15,0.67,36.03
FIVE,Common Stock,FAIL,248.38,70.12,1Y,0.0,0.15,11.4,225.58
FLG,Common Stock,FAIL,13.52,7.46,1Y,0.0,0.15,0.24,13.04
FLS,Common Stock,FAIL,77.48,39.6,1Y,0.0,0.15,2.2,73.08
FOX,Common Stock,FAIL,57.94,13.01,1Y,0.0,0.15,1.56,54.82
FRHC,Common Stock,FAIL,163.55,-1.28,1Y,0.0,0.15,8.47,146.61
FTNT,Common Stock,FAIL,153.7,93.38,1Y,0.0,0.15,7.1,139.5
FTRE,Common Stock,FAIL,17.09,70.73,1Y,0.0,0.15,0.83,15.43
FTV,Common Stock,FAIL,56.35,18.68,1Y,0.0,0.15,1.12,54.11
GAIN,Common Stock,FAIL,16.48,23.74,1Y,0.0,0.15,0.23,16.02
GAM,Common Stock,FAIL,66.25,21.33,1Y,0.0,0.15,0.84,64.57
AAT,Common Stock,FAIL,21.84,14.39,1Y,0.0,0.14,0.34,21.16
ABUS,Common Stock,FAIL,5.18,12.12,1Y,0.0,0.14,0.16,4.86
ACCL,Common Stock,FAIL,2.69,,1Y,0.0,0.14,0.13,2.43
ACGLO,Common Stock,FAIL,19.01,-7.32,1Y,0.0,0.14,0.24,18.53
ACRV,Common Stock,FAIL,2.15,31.9,1Y,0.0,0.14,0.14,1.87
ADPT,Common Stock,FAIL,24.05,93.64,1Y,0.0,0.14,1.09,21.87
AENT,Common Stock,FAIL,5.17,-25.82,1Y,0.0,0.14,0.28,4.61
AERO,Common Stock,FAIL,15.86,,1Y,0.0,0.14,0.68,14.5
AFRM,Common Stock,FAIL,71.03,-16.31,1Y,0.0,0.14,4.06,62.91
AHCO,Common Stock,FAIL,6.2,-32.31,1Y,0.0,0.14,0.3,5.6
ALEC,Common Stock,FAIL,2.42,-14.79,1Y,0.0,0.14,0.21,2.0
ALX,Common Stock,FAIL,263.35,19.04,1Y,0.0,0.14,5.68,251.99
AMAL,Common Stock,FAIL,48.68,73.98,1Y,0.0,0.14,0.96,46.76
AMPY,Common Stock,FAIL,4.98,25.44,1Y,0.0,0.14,0.17,4.64
AQST,Common Stock,FAIL,5.3,8.61,1Y,0.0,0.14,0.26,4.78
ARVN,Common Stock,FAIL,9.22,17.75,1Y,0.0,0.14,0.36,8.5
ATS,Common Stock,FAIL,19.47,-27.11,1Y,0.0,0.14,0.55,18.37
AUPH,Common Stock,FAIL,16.33,33.63,1Y,0.0,0.14,0.51,15.31
AURA,Common Stock,FAIL,7.46,15.84,1Y,0.0,0.14,0.38,6.7
AVR,Common Stock,FAIL,8.84,83.4,1Y,0.0,0.14,0.41,8.02
AVXL,Common Stock,FAIL,2.86,-67.77,1Y,0.0,0.14,0.2,2.46
AYA,Common Stock,FAIL,29.35,164.18,1Y,0.0,0.14,1.74,25.87
BAM,Common Stock,FAIL,50.26,-6.17,1Y,0.0,0.14,1.12,48.02
BBWI,Common Stock,FAIL,19.15,-29.04,1Y,0.0,0.14,1.0,17.15
BELFA,Common Stock,FAIL,207.94,76.46,1Y,0.0,0.14,7.84,192.26
BGSI,Common Stock,FAIL,88.97,,1Y,0.0,0.14,3.38,82.21
BMO,Common Stock,FAIL,176.24,41.65,1Y,0.0,0.14,3.74,168.76
BNY,Common Stock,FAIL,162.86,59.32,1Y,0.0,0.14,2.95,156.96
BOX,Common Stock,FAIL,33.92,3.73,1Y,0.0,0.14,1.19,31.54
BRKRP,Common Stock,FAIL,422.0,68.59,1Y,0.0,0.14,12.88,396.24
BRT,Common Stock,FAIL,14.27,-5.38,1Y,0.0,0.14,0.35,13.57
BVS,Common Stock,FAIL,13.77,96.71,1Y,0.0,0.14,0.47,12.83
BXDC,Common Stock,FAIL,20.56,,1Y,0.0,0.14,0.63,19.3
CART,Common Stock,FAIL,48.84,3.94,1Y,0.0,0.14,1.55,45.74
CATY,Common Stock,FAIL,62.21,29.75,1Y,0.0,0.14,0.97,60.27
CBK,Common Stock,FAIL,34.35,,1Y,0.0,0.14,0.78,32.79
CBLL,Common Stock,FAIL,23.93,109.18,1Y,0.0,0.14,0.78,22.37
CCB,Common Stock,FAIL,49.86,-55.29,1Y,0.0,0.14,1.86,46.14
CHDN,Common Stock,FAIL,86.47,-10.11,1Y,0.0,0.14,2.83,80.81
CLDX,Common Stock,FAIL,39.77,59.33,1Y,0.0,0.14,1.42,36.93
CMCL,Common Stock,FAIL,26.39,-13.77,1Y,0.0,0.14,0.97,24.45
CMI,Common Stock,FAIL,561.26,40.52,1Y,0.0,0.14,14.5,532.26
CMSD,Common Stock,FAIL,20.65,-9.59,1Y,0.0,0.14,0.23,20.19
CNH,Common Stock,FAIL,13.77,23.69,1Y,0.0,0.14,0.63,12.51
CRL,Common Stock,FAIL,281.46,83.64,1Y,0.0,0.14,9.55,262.36
CSAI,Common Stock,FAIL,4.87,-89.79,1Y,0.0,0.14,0.36,4.15
CSX,Common Stock,FAIL,49.35,55.96,1Y,0.0,0.14,1.02,47.31
CUPR,Common Stock,FAIL,3.05,-76.47,1Y,0.0,0.14,0.22,2.61
CYRX,Common Stock,FAIL,15.29,59.44,1Y,0.0,0.14,0.73,13.83
DC,Common Stock,FAIL,5.99,31.07,1Y,0.0,0.14,0.28,5.43
DHCNI,Common Stock,FAIL,18.55,12.38,1Y,0.0,0.14,0.36,17.83
DPU,Common Stock,FAIL,2.07,-25.27,1Y,0.0,0.14,0.16,1.75
DUOT,Common Stock,FAIL,8.98,31.29,1Y,0.0,0.14,0.67,7.64
DVA,Common Stock,FAIL,181.96,37.58,1Y,0.0,0.14,4.21,173.54
DY,Common Stock,FAIL,295.38,13.93,1Y,0.0,0.14,17.75,259.88
ECPG,Common Stock,FAIL,97.62,126.23,1Y,0.0,0.14,3.69,90.24
EDU,Common Stock,FAIL,57.72,5.62,1Y,0.0,0.14,1.72,54.28
EIG,Common Stock,FAIL,49.66,22.72,1Y,0.0,0.14,1.05,47.56
EMD,Common Stock,FAIL,10.44,11.35,1Y,0.0,0.14,0.08,10.28
EMP,Common Stock,FAIL,19.99,,1Y,0.0,0.14,0.16,19.67
EPM,Common Stock,FAIL,3.74,-20.34,1Y,0.0,0.14,0.15,3.44
EQH,Common Stock,FAIL,52.16,1.59,1Y,0.0,0.14,1.21,49.74
ETON,Common Stock,FAIL,59.1,239.27,1Y,0.0,0.14,3.03,53.04
EVTC,Common Stock,FAIL,28.88,-13.26,1Y,0.0,0.14,0.87,27.14
FABC,Common Stock,FAIL,2.53,-51.53,1Y,0.0,0.14,0.18,2.17
FAX,Common Stock,FAIL,14.51,-0.08,1Y,0.0,0.14,0.14,14.23
FBIN,Common Stock,FAIL,42.62,-25.71,1Y,0.0,0.14,1.47,39.68
FBIO,Common Stock,FAIL,2.7,-30.05,1Y,0.0,0.14,0.11,2.48
FCN,Common Stock,FAIL,150.62,-6.81,1Y,0.0,0.14,3.68,143.26
FENC,Common Stock,FAIL,12.39,37.51,1Y,0.0,0.14,0.59,11.21
FERG,Common Stock,FAIL,229.8,4.49,1Y,0.0,0.14,5.95,217.9
FFBC,Common Stock,FAIL,32.75,29.73,1Y,0.0,0.14,0.53,31.69
FFIN,Common Stock,FAIL,33.17,-5.72,1Y,0.0,0.14,0.59,31.99
FHN,Common Stock,FAIL,24.81,12.43,1Y,0.0,0.14,0.44,23.93
FLEX,Common Stock,FAIL,112.71,94.16,1Y,0.0,0.14,4.5,103.71
FMN,Common Stock,FAIL,10.9,4.68,1Y,0.0,0.14,0.1,10.7
FND,Common Stock,FAIL,48.07,-43.48,1Y,0.0,0.14,1.97,44.13
FTS,Common Stock,FAIL,55.9,16.97,1Y,0.0,0.14,0.82,54.26
FUTU,Common Stock,FAIL,119.3,-33.21,1Y,0.0,0.14,5.68,107.94
FWONK,Common Stock,FAIL,95.94,-2.96,1Y,0.0,0.14,2.29,91.36
FXNC,Common Stock,FAIL,31.34,37.7,1Y,0.0,0.14,1.03,29.28
GABC,Common Stock,FAIL,49.73,25.51,1Y,0.0,0.14,0.95,47.83
GAIA,Common Stock,FAIL,1.58,-72.9,1Y,0.0,0.14,0.1,1.38
GCTK,Common Stock,FAIL,3.03,-95.64,1Y,0.0,0.14,0.39,2.25
GDO,Common Stock,FAIL,10.08,-3.74,1Y,0.0,0.14,0.04,10.0
A,Common Stock,FAIL,146.32,18.83,1Y,0.0,0.13,5.38,135.56
AAME,Common Stock,FAIL,1.32,-59.38,1Y,0.0,0.13,0.11,1.1
ABEV,Common Stock,FAIL,3.11,38.0,1Y,0.0,0.13,0.08,2.95
ACGLN,Common Stock,FAIL,15.88,-6.49,1Y,0.0,0.13,0.32,15.24
ADAMZ,Common Stock,FAIL,18.18,4.33,1Y,0.0,0.13,0.31,17.56
ADUR,Common Stock,FAIL,13.47,5.15,1Y,0.0,0.13,0.75,11.97
AFGE,Common Stock,FAIL,15.83,-8.59,1Y,0.0,0.13,0.14,15.55
ALDX,Common Stock,FAIL,1.5,-72.92,1Y,0.0,0.13,0.06,1.38
ALTO,Common Stock,FAIL,4.09,255.65,1Y,0.0,0.13,0.19,3.71
AM,Common Stock,FAIL,22.83,30.03,1Y,0.0,0.13,0.49,21.85
AMPH,Common Stock,FAIL,22.75,-19.89,1Y,0.0,0.13,0.71,21.33
AMR,Common Stock,FAIL,225.99,59.23,1Y,0.0,0.13,13.39,199.21
ANAB,Common Stock,FAIL,56.89,274.6,1Y,0.0,0.13,2.49,51.91
ANIK,Common Stock,FAIL,20.37,142.5,1Y,0.0,0.13,0.89,18.59
APPF,Common Stock,FAIL,205.72,-25.66,1Y,0.0,0.13,8.58,188.56
ARDX,Common Stock,FAIL,3.72,-43.98,1Y,0.0,0.13,0.13,3.46
ASH,Common Stock,FAIL,72.81,41.11,1Y,0.0,0.13,1.84,69.13
ASTC,Common Stock,FAIL,7.56,52.11,1Y,0.0,0.13,0.49,6.58
ATAT,Common Stock,FAIL,33.46,-12.51,1Y,0.0,0.13,1.36,30.74
ATLCZ,Common Stock,FAIL,25.4,8.74,1Y,0.0,0.13,0.05,25.3
AVAL,Common Stock,FAIL,5.33,62.95,1Y,0.0,0.13,0.15,5.03
AXGN,Common Stock,FAIL,46.31,188.18,1Y,0.0,0.13,2.39,41.53
BAH,Common Stock,FAIL,72.77,-26.9,1Y,0.0,0.13,2.28,68.21
BALL,Common Stock,FAIL,62.01,25.58,1Y,0.0,0.13,1.13,59.75
BANF,Common Stock,FAIL,112.46,-14.6,1Y,0.0,0.13,2.23,108.0
BEAG,Common Stock,FAIL,10.8,4.35,1Y,0.0,0.13,0.06,10.68
BFH,Common Stock,FAIL,107.57,69.8,1Y,0.0,0.13,3.74,100.09
BIOA,Common Stock,FAIL,9.47,96.47,1Y,0.0,0.13,0.54,8.39
BLNE,Common Stock,FAIL,1.04,-51.4,1Y,0.0,0.13,0.07,0.9
BORR,Common Stock,FAIL,4.53,46.6,1Y,0.0,0.13,0.19,4.15
CAH,Common Stock,FAIL,242.13,63.87,1Y,0.0,0.13,4.75,232.63
CALM,Common Stock,FAIL,75.34,-29.18,1Y,0.0,0.13,2.54,70.26
CBL,Common Stock,FAIL,54.94,83.19,1Y,0.0,0.13,1.36,52.22
CCBG,Common Stock,FAIL,51.42,21.25,1Y,0.0,0.13,1.02,49.38
CCSI,Common Stock,FAIL,34.85,29.36,1Y,0.0,0.13,1.81,31.23
CCU,Common Stock,FAIL,12.15,4.21,1Y,0.0,0.13,0.39,11.37
CHEF,Common Stock,FAIL,113.89,76.74,1Y,0.0,0.13,3.41,107.07
CLF,Common Stock,FAIL,12.49,9.85,1Y,0.0,0.13,0.67,11.15
CMC,Common Stock,FAIL,70.23,21.85,1Y,0.0,0.13,2.57,65.09
CMCO,Common Stock,FAIL,18.6,30.22,1Y,0.0,0.13,0.7,17.2
CMPR,Common Stock,FAIL,85.77,45.4,1Y,0.0,0.13,2.92,79.93
CNC,Common Stock,FAIL,65.29,108.79,1Y,0.0,0.13,1.76,61.77
COGT,Common Stock,FAIL,34.6,171.37,1Y,0.0,0.13,1.36,31.88
COKE,Common Stock,FAIL,190.76,58.16,1Y,0.0,0.13,6.13,178.5
CRF,Common Stock,FAIL,6.41,-2.41,1Y,0.0,0.13,0.09,6.23
CURB,Common Stock,FAIL,29.77,36.89,1Y,0.0,0.13,0.56,28.65
CVBF,Common Stock,FAIL,22.47,15.07,1Y,0.0,0.13,0.35,21.77
CVLT,Common Stock,FAIL,132.74,-24.77,1Y,0.0,0.13,5.39,121.96
CVNA,Common Stock,FAIL,74.56,2.1,1Y,0.0,0.13,3.25,68.06
CWCO,Common Stock,FAIL,29.0,-10.38,1Y,0.0,0.13,0.66,27.68
CWK,Common Stock,FAIL,13.2,-17.4,1Y,0.0,0.13,0.61,11.98
CZFS,Common Stock,FAIL,82.87,37.41,1Y,0.0,0.13,2.32,78.23
DAIO,Common Stock,FAIL,2.88,-17.71,1Y,0.0,0.13,0.16,2.56
DMLP,Common Stock,FAIL,29.59,32.11,1Y,0.0,0.13,0.46,28.67
DOC,Common Stock,FAIL,20.65,22.99,1Y,0.0,0.13,0.4,19.85
DRCT,Common Stock,FAIL,1.87,-97.93,1Y,0.0,0.13,0.14,1.59
ED,Common Stock,FAIL,108.62,15.6,1Y,0.0,0.13,1.6,105.42
EFOR,Common Stock,FAIL,30.26,-40.5,1Y,0.0,0.13,1.66,26.94
EGBN,Common Stock,FAIL,27.72,41.53,1Y,0.0,0.13,0.6,26.52
ELA,Common Stock,FAIL,14.16,98.04,1Y,0.0,0.13,0.59,12.98
ELMT,Common Stock,FAIL,17.14,,1Y,0.0,0.13,1.28,14.58
EMR,Common Stock,FAIL,152.55,15.92,1Y,0.0,0.13,3.44,145.67
ENR,Common Stock,FAIL,21.11,-20.9,1Y,0.0,0.13,0.85,19.41
ESE,Common Stock,FAIL,272.36,32.78,1Y,0.0,0.13,8.66,255.04
ESI,Common Stock,FAIL,36.26,41.78,1Y,0.0,0.13,1.33,33.6
EVH,Common Stock,FAIL,4.11,-55.28,1Y,0.0,0.13,0.26,3.59
EWBC,Common Stock,FAIL,130.3,23.77,1Y,0.0,0.13,2.45,125.4
EXR,Common Stock,FAIL,140.05,1.09,1Y,0.0,0.13,2.36,135.33
FBIOP,Common Stock,FAIL,18.73,107.28,1Y,0.0,0.13,0.26,18.21
FCFS,Common Stock,FAIL,227.29,57.56,1Y,0.0,0.13,8.97,209.35
FDS,Common Stock,FAIL,292.48,-17.7,1Y,0.0,0.13,11.21,270.06
FLYW,Common Stock,FAIL,17.97,35.83,1Y,0.0,0.13,0.72,16.53
FMAO,Common Stock,FAIL,35.08,41.06,1Y,0.0,0.13,0.92,33.24
FRSX,Common Stock,FAIL,1.14,-84.36,1Y,0.0,0.13,0.1,0.94
FTFT,Common Stock,FAIL,1.36,-99.22,1Y,0.0,0.13,0.38,0.6
G,Common Stock,FAIL,36.02,-15.0,1Y,0.0,0.13,1.17,33.68
GCBC,Common Stock,FAIL,35.17,58.47,1Y,0.0,0.13,0.83,33.51
GCMG,Common Stock,FAIL,13.23,7.74,1Y,0.0,0.13,0.32,12.59
ABCL,Common Stock,FAIL,11.42,166.82,1Y,0.0,0.12,0.75,9.92
ACB,Common Stock,FAIL,3.85,-22.54,1Y,0.0,0.12,0.15,3.55
ADI,Common Stock,FAIL,364.54,49.31,1Y,0.0,0.12,9.76,345.02
AEE,Common Stock,FAIL,107.24,10.3,1Y,0.0,0.12,1.64,103.96
AIXI,Common Stock,FAIL,3.07,,1Y,0.0,0.12,0.34,2.39
AIZ,Common Stock,FAIL,283.91,37.55,1Y,0.0,0.12,4.67,274.57
AMCI,Common Stock,FAIL,3.92,-69.16,1Y,0.0,0.12,0.58,2.76
AMCR,Common Stock,FAIL,44.88,13.95,1Y,0.0,0.12,1.01,42.86
AME,Common Stock,FAIL,238.13,27.86,1Y,0.0,0.12,4.95,228.23
AMN,Common Stock,FAIL,33.69,71.98,1Y,0.0,0.12,1.29,31.11
ANGI,Common Stock,FAIL,4.64,-73.26,1Y,0.0,0.12,0.31,4.02
AORT,Common Stock,FAIL,25.05,-38.96,1Y,0.0,0.12,1.06,22.93
APOS,Common Stock,FAIL,25.25,3.35,1Y,0.0,0.12,0.2,24.85
AR,Common Stock,FAIL,40.05,21.92,1Y,0.0,0.12,0.98,38.09
ARCT,Common Stock,FAIL,15.48,-13.95,1Y,0.0,0.12,1.79,11.9
ATEX,Common Stock,FAIL,85.26,302.36,1Y,0.0,0.12,4.91,75.44
AXSM,Common Stock,FAIL,209.1,68.47,1Y,0.0,0.12,6.44,196.22
BANC,Common Stock,FAIL,18.86,14.88,1Y,0.0,0.12,0.37,18.12
BBNX,Common Stock,FAIL,19.03,-23.48,1Y,0.0,0.12,1.07,16.89
BDN,Common Stock,FAIL,3.07,-22.26,1Y,0.0,0.12,0.09,2.89
BEPI,Common Stock,FAIL,15.96,-0.54,1Y,0.0,0.12,0.17,15.62
BHFAP,Common Stock,FAIL,14.3,-6.71,1Y,0.0,0.12,0.21,13.88
BLSH,Common Stock,FAIL,35.76,-32.04,1Y,0.0,0.12,2.15,31.46
BMRC,Common Stock,FAIL,27.67,15.9,1Y,0.0,0.12,0.78,26.11
BMRN,Common Stock,FAIL,65.42,20.04,1Y,0.0,0.12,1.74,61.94
BODI,Common Stock,FAIL,5.67,-3.24,1Y,0.0,0.12,0.32,5.03
BOE,Common Stock,FAIL,12.43,15.61,1Y,0.0,0.12,0.13,12.17
BRCB,Common Stock,FAIL,9.52,,1Y,0.0,0.12,0.56,8.4
BSM,Common Stock,FAIL,14.83,31.39,1Y,0.0,0.12,0.24,14.35
BTSG,Common Stock,FAIL,61.56,119.23,1Y,0.0,0.12,2.18,57.2
BXMT,Common Stock,FAIL,13.99,-22.19,1Y,0.0,0.12,0.27,13.45
CALC,Common Stock,FAIL,2.09,-88.02,1Y,0.0,0.12,0.26,1.57
CD,Common Stock,FAIL,3.6,-56.04,1Y,0.0,0.12,0.42,2.76
CDIO,Common Stock,FAIL,1.89,-49.71,1Y,0.0,0.12,0.14,1.61
CECO,Common Stock,FAIL,77.39,64.14,1Y,0.0,0.12,3.66,70.07
CERT,Common Stock,FAIL,7.71,-24.78,1Y,0.0,0.12,0.34,7.03
CFBK,Common Stock,FAIL,35.85,43.78,1Y,0.0,0.12,0.68,34.49
CGBD,Common Stock,FAIL,11.59,-3.73,1Y,0.0,0.12,0.26,11.07
CHCT,Common Stock,FAIL,14.9,7.32,1Y,0.0,0.12,0.29,14.32
CINF,Common Stock,FAIL,169.66,13.89,1Y,0.0,0.12,2.76,164.14
CLMB,Common Stock,FAIL,27.57,-13.03,1Y,0.0,0.12,1.11,25.35
CNX,Common Stock,FAIL,37.56,28.28,1Y,0.0,0.12,0.76,36.04
CODA,Common Stock,FAIL,10.24,29.78,1Y,0.0,0.12,0.29,9.66
COF,Common Stock,FAIL,216.14,-1.76,1Y,0.0,0.12,4.92,206.3
COHN,Common Stock,FAIL,11.23,15.84,1Y,0.0,0.12,0.41,10.41
COTY,Common Stock,FAIL,2.78,-30.85,1Y,0.0,0.12,0.17,2.44
CRK,Common Stock,FAIL,15.34,-3.22,1Y,0.0,0.12,0.68,13.98
CROX,Common Stock,FAIL,115.79,42.65,1Y,0.0,0.12,3.73,108.33
CSCO,Common Stock,FAIL,109.13,63.5,1Y,0.0,0.12,1.95,105.23
CTMX,Common Stock,FAIL,3.63,75.36,1Y,0.0,0.12,0.21,3.21
CTNT,Common Stock,FAIL,1.25,-99.64,1Y,0.0,0.12,0.06,1.13
CXW,Common Stock,FAIL,34.36,69.01,1Y,0.0,0.12,1.22,31.92
DCOM,Common Stock,FAIL,40.87,37.83,1Y,0.0,0.12,0.7,39.47
DMA,Common Stock,FAIL,7.7,-1.85,1Y,0.0,0.12,0.11,7.48
DOLE,Common Stock,FAIL,13.88,4.34,1Y,0.0,0.12,0.26,13.36
DQ,Common Stock,FAIL,12.69,-51.93,1Y,0.0,0.12,0.77,11.15
DRIO,Common Stock,FAIL,7.01,-8.25,1Y,0.0,0.12,0.63,5.75
DT,Common Stock,FAIL,50.65,6.27,1Y,0.0,0.12,1.73,47.19
EAD,Common Stock,FAIL,6.39,-1.38,1Y,0.0,0.12,0.04,6.31
EBC,Common Stock,FAIL,21.91,32.04,1Y,0.0,0.12,0.47,20.97
ECG,Common Stock,FAIL,119.85,54.51,1Y,0.0,0.12,4.99,109.87
EFSC,Common Stock,FAIL,64.12,6.88,1Y,0.0,0.12,1.01,62.1
ELAB,Common Stock,FAIL,5.29,-99.51,1Y,0.0,0.12,0.79,3.71
ESS,Common Stock,FAIL,278.64,9.9,1Y,0.0,0.12,4.6,269.44
EXTR,Common Stock,FAIL,21.67,-3.09,1Y,0.0,0.12,0.73,20.21
FAST,Common Stock,FAIL,49.4,5.22,1Y,0.0,0.12,1.03,47.34
FELE,Common Stock,FAIL,99.63,6.55,1Y,0.0,0.12,2.05,95.53
FGSN,Common Stock,FAIL,20.83,-6.5,1Y,0.0,0.12,0.19,20.45
FITB,Common Stock,FAIL,54.65,24.16,1Y,0.0,0.12,1.03,52.59
FMC,Common Stock,FAIL,13.01,-63.46,1Y,0.0,0.12,0.63,11.75
FMNB,Common Stock,FAIL,15.92,11.73,1Y,0.0,0.12,0.28,15.36
FRME,Common Stock,FAIL,41.52,7.13,1Y,0.0,0.12,0.7,40.12
FRNM,Common Stock,FAIL,16.14,52.99,1Y,0.0,0.12,0.8,14.54
GDL,Common Stock,FAIL,8.42,3.51,1Y,0.0,0.12,0.08,8.26
ABX,Common Stock,FAIL,9.61,56.98,1Y,0.0,0.11,0.35,8.91
ACA,Common Stock,FAIL,145.59,51.53,1Y,0.0,0.11,0.29,145.01
ACHR,Common Stock,FAIL,5.7,-30.91,1Y,0.0,0.11,0.27,5.16
ACIC,Common Stock,FAIL,9.32,-8.09,1Y,0.0,0.11,0.21,8.9
AIT,Common Stock,FAIL,322.21,23.13,1Y,0.0,0.11,8.21,305.79
AKAN,Common Stock,FAIL,3.36,-95.44,1Y,0.0,0.11,0.55,2.26
ALRS,Common Stock,FAIL,33.33,52.7,1Y,0.0,0.11,0.61,32.11
AMRC,Common Stock,FAIL,24.09,-14.03,1Y,0.0,0.11,1.32,21.45
ANGO,Common Stock,FAIL,15.19,38.85,1Y,0.0,0.11,0.45,14.29
ANY,Common Stock,FAIL,2.39,-66.34,1Y,0.0,0.11,0.28,1.83
AOMR,Common Stock,FAIL,8.33,-0.85,1Y,0.0,0.11,0.18,7.97
AOSL,Common Stock,FAIL,25.47,-10.94,1Y,0.0,0.11,1.27,22.93
APO,Common Stock,FAIL,134.4,2.23,1Y,0.0,0.11,3.63,127.14
ARHS,Common Stock,FAIL,8.54,-19.2,1Y,0.0,0.11,0.41,7.72
ASBP,Common Stock,FAIL,8.89,-50.06,1Y,0.0,0.11,0.49,7.91
ATEN,Common Stock,FAIL,24.49,42.1,1Y,0.0,0.11,0.93,22.63
AVIR,Common Stock,FAIL,5.83,85.08,1Y,0.0,0.11,0.23,5.37
AYI,Common Stock,FAIL,327.8,-0.52,1Y,0.0,0.11,8.05,311.7
BBVA,Common Stock,FAIL,29.36,63.22,1Y,0.0,0.11,0.38,28.6
BDTX,Common Stock,FAIL,2.12,-33.96,1Y,0.0,0.11,0.1,1.92
BFST,Common Stock,FAIL,31.52,30.79,1Y,0.0,0.11,0.48,30.56
BGY,Common Stock,FAIL,5.93,11.53,1Y,0.0,0.11,0.05,5.83
BHRB,Common Stock,FAIL,72.1,20.14,1Y,0.0,0.11,1.35,69.4
BLKB,Common Stock,FAIL,45.66,-33.42,1Y,0.0,0.11,1.76,42.14
BNS,Common Stock,FAIL,93.46,49.35,1Y,0.0,0.11,2.21,89.04
BWAY,Common Stock,FAIL,14.06,76.52,1Y,0.0,0.11,0.5,13.06
BWMN,Common Stock,FAIL,42.6,4.49,1Y,0.0,0.11,0.16,42.28
BXP,Common Stock,FAIL,66.85,-5.47,1Y,0.0,0.11,1.64,63.57
BYD,Common Stock,FAIL,76.8,-9.12,1Y,0.0,0.11,1.5,73.8
BZFD,Common Stock,FAIL,1.09,-42.33,1Y,0.0,0.11,0.06,0.97
CACI,Common Stock,FAIL,618.31,27.16,1Y,0.0,0.11,16.67,584.97
CANG,Common Stock,FAIL,2.12,-90.88,1Y,0.0,0.11,0.36,1.4
CBT,Common Stock,FAIL,81.27,5.15,1Y,0.0,0.11,2.15,76.97
CC,Common Stock,FAIL,15.47,-2.9,1Y,0.0,0.11,0.58,14.31
CCS,Common Stock,FAIL,62.72,-4.59,1Y,0.0,0.11,2.23,58.26
CDLX,Common Stock,FAIL,3.63,-61.22,1Y,0.0,0.11,0.25,3.13
CGABL,Common Stock,FAIL,15.95,-7.01,1Y,0.0,0.11,0.2,15.55
CGON,Common Stock,FAIL,74.21,120.67,1Y,0.0,0.11,2.94,68.33
CHSCO,Common Stock,FAIL,25.95,3.6,1Y,0.0,0.11,0.17,25.61
CHYM,Common Stock,FAIL,33.33,43.29,1Y,0.0,0.11,1.24,30.85
CING,Common Stock,FAIL,5.12,33.33,1Y,0.0,0.11,0.3,4.52
CLBT,Common Stock,FAIL,11.48,-32.87,1Y,0.0,0.11,0.48,10.52
CLYM,Common Stock,FAIL,15.89,567.65,1Y,0.0,0.11,1.34,13.21
CRBG,Common Stock,FAIL,33.92,5.74,1Y,0.0,0.11,0.76,32.4
CRIS,Common Stock,FAIL,1.3,-96.37,1Y,0.0,0.11,0.11,1.08
CRSR,Common Stock,FAIL,12.44,42.01,1Y,0.0,0.11,0.54,11.36
CRUS,Common Stock,FAIL,111.75,-0.82,1Y,0.0,0.11,3.07,105.61
CTOS,Common Stock,FAIL,9.26,62.17,1Y,0.0,0.11,0.32,8.62
CURI,Common Stock,FAIL,2.69,-33.51,1Y,0.0,0.11,0.15,2.39
CZNC,Common Stock,FAIL,25.8,36.58,1Y,0.0,0.11,0.49,24.82
DCTH,Common Stock,FAIL,16.14,45.14,1Y,0.0,0.11,0.43,15.28
DEI,Common Stock,FAIL,11.26,-26.69,1Y,0.0,0.11,0.27,10.72
DFNS,Common Stock,FAIL,10.43,-98.06,1Y,0.0,0.11,2.8,4.83
DKL,Common Stock,FAIL,56.2,39.29,1Y,0.0,0.11,0.94,54.32
DNOW,Common Stock,FAIL,16.17,5.76,1Y,0.0,0.11,0.4,15.37
DRVN,Common Stock,FAIL,13.38,-26.77,1Y,0.0,0.11,0.45,12.48
EEFT,Common Stock,FAIL,72.18,-19.72,1Y,0.0,0.11,2.32,67.54
ENS,Common Stock,FAIL,182.0,75.1,1Y,0.0,0.11,5.79,170.42
ENTG,Common Stock,FAIL,141.21,78.4,1Y,0.0,0.11,6.36,128.49
ENVA,Common Stock,FAIL,226.34,96.36,1Y,0.0,0.11,8.92,208.5
EPAM,Common Stock,FAIL,114.25,-25.38,1Y,0.0,0.11,4.91,104.43
EPR,Common Stock,FAIL,60.0,16.25,1Y,0.0,0.11,0.94,58.12
EQX,Common Stock,FAIL,12.78,19.49,1Y,0.0,0.11,0.6,11.58
ESCA,Common Stock,FAIL,20.59,73.98,1Y,0.0,0.11,0.56,19.47
ESNT,Common Stock,FAIL,68.5,10.03,1Y,0.0,0.11,1.11,66.28
ETG,Common Stock,FAIL,24.0,22.11,1Y,0.0,0.11,0.26,23.48
EXLS,Common Stock,FAIL,35.54,-16.79,1Y,0.0,0.11,1.04,33.46
FBIZ,Common Stock,FAIL,72.25,42.8,1Y,0.0,0.11,1.55,69.15
FCPT,Common Stock,FAIL,24.91,3.96,1Y,0.0,0.11,0.33,24.25
FHTX,Common Stock,FAIL,4.79,-6.99,1Y,0.0,0.11,0.46,3.87
FIZZ,Common Stock,FAIL,31.47,-11.41,1Y,0.0,0.11,0.95,29.57
FLR,Common Stock,FAIL,56.57,36.77,1Y,0.0,0.11,1.9,52.77
FPF,Common Stock,FAIL,17.53,-0.62,1Y,0.0,0.11,0.18,17.17
FPH,Common Stock,FAIL,5.13,-12.9,1Y,0.0,0.11,0.08,4.97
FSM,Common Stock,FAIL,12.39,57.23,1Y,0.0,0.11,0.58,11.23
FULC,Common Stock,FAIL,3.85,-44.92,1Y,0.0,0.11,0.08,3.69
FULTP,Common Stock,FAIL,17.68,-4.65,1Y,0.0,0.11,0.28,17.12
FWRD,Common Stock,FAIL,17.43,-41.21,1Y,0.0,0.11,0.86,15.71
AAP,Common Stock,FAIL,42.5,-26.68,1Y,0.0,0.1,2.66,37.18
ABXL,Common Stock,FAIL,25.53,9.62,1Y,0.0,0.1,0.26,25.01
ACLS,Common Stock,FAIL,117.84,41.5,1Y,0.0,0.1,5.74,106.36
ADAMH,Common Stock,FAIL,25.68,10.62,1Y,0.0,0.1,0.06,25.56
ADNT,Common Stock,FAIL,19.11,-19.33,1Y,0.0,0.1,0.76,17.59
AEM,Common Stock,FAIL,205.98,35.97,1Y,0.0,0.1,9.11,187.76
AESI,Common Stock,FAIL,13.7,28.52,1Y,0.0,0.1,0.69,12.32
AGCO,Common Stock,FAIL,127.84,20.25,1Y,0.0,0.1,4.92,118.0
AGIO,Common Stock,FAIL,33.33,-6.59,1Y,0.0,0.1,1.18,30.97
AGNCP,Common Stock,FAIL,25.46,10.54,1Y,0.0,0.1,0.08,25.3
ALGM,Common Stock,FAIL,36.66,20.16,1Y,0.0,0.1,1.72,33.22
ALGT,Common Stock,FAIL,77.68,23.4,1Y,0.0,0.1,3.67,70.34
ALLY,Common Stock,FAIL,42.77,7.05,1Y,0.0,0.1,0.9,40.97
AMST,Common Stock,FAIL,1.05,-60.82,1Y,0.0,0.1,0.1,0.85
AQN,Common Stock,FAIL,5.72,4.37,1Y,0.0,0.1,0.09,5.54
ARI,Common Stock,FAIL,6.83,3.64,1Y,0.0,0.1,0.1,6.63
ARMK,Common Stock,FAIL,57.56,52.44,1Y,0.0,0.1,1.06,55.44
ASC,Common Stock,FAIL,17.88,56.33,1Y,0.0,0.1,0.62,16.64
ASTH,Common Stock,FAIL,37.24,28.02,1Y,0.0,0.1,1.46,34.32
ASTL,Common Stock,FAIL,4.52,-2.8,1Y,0.0,0.1,0.33,3.86
ASYS,Common Stock,FAIL,15.44,91.33,1Y,0.0,0.1,0.86,13.72
AVNT,Common Stock,FAIL,43.42,22.83,1Y,0.0,0.1,1.24,40.94
AVY,Common Stock,FAIL,172.24,6.95,1Y,0.0,0.1,5.02,162.2
AWI,Common Stock,FAIL,170.97,-11.96,1Y,0.0,0.1,3.95,163.07
AZZ,Common Stock,FAIL,140.26,22.34,1Y,0.0,0.1,3.97,132.32
BBAR,Common Stock,FAIL,14.98,55.62,1Y,0.0,0.1,0.72,13.54
BBW,Common Stock,FAIL,29.1,-59.24,1Y,0.0,0.1,2.52,24.06
BCTX,Common Stock,FAIL,3.47,-55.23,1Y,0.0,0.1,0.31,2.85
BDCI,Common Stock,FAIL,10.15,,1Y,0.0,0.1,0.01,10.13
BGLC,Common Stock,FAIL,1.45,-67.12,1Y,0.0,0.1,0.09,1.27
BILL,Common Stock,FAIL,47.23,-10.77,1Y,0.0,0.1,2.05,43.13
BIYA,Common Stock,FAIL,2.29,-98.64,1Y,0.0,0.1,0.13,2.03
BJ,Common Stock,FAIL,90.2,-7.43,1Y,0.0,0.1,2.88,84.44
BKD,Common Stock,FAIL,12.03,57.46,1Y,0.0,0.1,0.37,11.29
BKE,Common Stock,FAIL,42.38,-22.94,1Y,0.0,0.1,1.27,39.84
BPYPM,Common Stock,FAIL,17.19,15.47,1Y,0.0,0.1,0.34,16.51
BRSL,Common Stock,FAIL,11.09,-27.85,1Y,0.0,0.1,0.34,10.41
BRTX,Common Stock,FAIL,2.7,,1Y,0.0,0.1,0.26,2.18
CAES,Common Stock,FAIL,10.09,,1Y,0.0,0.1,0.01,10.07
CATO,Common Stock,FAIL,2.58,-43.17,1Y,0.0,0.1,0.16,2.26
CBRL,Common Stock,FAIL,54.17,13.12,1Y,0.0,0.1,2.21,49.75
CDE,Common Stock,FAIL,20.88,39.92,1Y,0.0,0.1,1.14,18.6
CHSN,Common Stock,FAIL,1.01,-99.62,1Y,0.0,0.1,0.08,0.85
CHT,Common Stock,FAIL,44.39,3.62,1Y,0.0,0.1,0.45,43.49
CLB,Common Stock,FAIL,12.58,2.57,1Y,0.0,0.1,0.45,11.68
CLBK,Common Stock,FAIL,11.6,68.43,1Y,0.0,0.1,0.22,11.16
CLDT,Common Stock,FAIL,12.86,89.25,1Y,0.0,0.1,0.34,12.18
COLM,Common Stock,FAIL,57.19,6.16,1Y,0.0,0.1,1.5,54.19
COSO,Common Stock,FAIL,27.75,20.41,1Y,0.0,0.1,0.59,26.57
CSR,Common Stock,FAIL,52.88,-3.98,1Y,0.0,0.1,0.97,50.94
CTS,Common Stock,FAIL,56.78,37.41,1Y,0.0,0.1,1.49,53.8
CVRX,Common Stock,FAIL,2.93,-62.82,1Y,0.0,0.1,0.21,2.51
CWBC,Common Stock,FAIL,26.44,28.46,1Y,0.0,0.1,0.52,25.4
CZR,Common Stock,FAIL,29.68,15.8,1Y,0.0,0.1,0.09,29.5
DEA,Common Stock,FAIL,24.25,12.68,1Y,0.0,0.1,0.41,23.43
DLB,Common Stock,FAIL,61.4,-11.44,1Y,0.0,0.1,1.69,58.02
DLO,Common Stock,FAIL,15.16,12.6,1Y,0.0,0.1,0.52,14.12
DPZ,Common Stock,FAIL,341.78,-22.68,1Y,0.0,0.1,11.14,319.5
DSM,Common Stock,FAIL,5.72,2.89,1Y,0.0,0.1,0.04,5.64
DTE,Common Stock,FAIL,137.88,5.04,1Y,0.0,0.1,1.97,133.94
EC,Common Stock,FAIL,17.69,96.7,1Y,0.0,0.1,0.54,16.61
ECBK,Common Stock,FAIL,20.33,23.51,1Y,0.0,0.1,0.48,19.37
ECVT,Common Stock,FAIL,10.22,11.21,1Y,0.0,0.1,0.28,9.66
EHC,Common Stock,FAIL,121.86,-1.5,1Y,0.0,0.1,2.25,117.36
ELS,Common Stock,FAIL,62.38,6.9,1Y,0.0,0.1,0.87,60.64
EQBK,Common Stock,FAIL,50.35,21.6,1Y,0.0,0.1,1.04,48.27
ERIC,Common Stock,FAIL,10.09,30.99,1Y,0.0,0.1,0.16,9.77
ESOA,Common Stock,FAIL,11.89,17.87,1Y,0.0,0.1,0.43,11.03
ETOR,Common Stock,FAIL,31.72,-25.59,1Y,0.0,0.1,1.3,29.12
EVI,Common Stock,FAIL,14.03,-48.75,1Y,0.0,0.1,0.88,12.27
FCCO,Common Stock,FAIL,34.02,24.59,1Y,0.0,0.1,0.9,32.22
FG,Common Stock,FAIL,24.5,-26.16,1Y,0.0,0.1,0.87,22.76
FHI,Common Stock,FAIL,62.17,20.87,1Y,0.0,0.1,1.34,59.49
FISI,Common Stock,FAIL,41.32,58.13,1Y,0.0,0.1,0.74,39.84
FLWS,Common Stock,FAIL,3.57,-30.27,1Y,0.0,0.1,0.19,3.19
FMBH,Common Stock,FAIL,51.1,31.57,1Y,0.0,0.1,0.94,49.22
FNB,Common Stock,FAIL,18.47,16.07,1Y,0.0,0.1,0.32,17.83
FRPH,Common Stock,FAIL,22.52,-9.85,1Y,0.0,0.1,0.5,21.52
FRST,Common Stock,FAIL,16.32,53.93,1Y,0.0,0.1,0.33,15.66
FXHO,Common Stock,FAIL,11.58,-99.82,1Y,0.0,0.1,1.45,8.68
GATX,Common Stock,FAIL,176.72,6.45,1Y,0.0,0.1,3.21,170.3
ABEO,Common Stock,FAIL,5.97,-8.58,1Y,0.0,0.09,0.19,5.59
ACNT,Common Stock,FAIL,15.17,24.96,1Y,0.0,0.09,0.35,14.47
ACT,Common Stock,FAIL,49.02,29.39,1Y,0.0,0.09,0.76,47.5
AFB,Common Stock,FAIL,10.59,4.31,1Y,0.0,0.09,0.06,10.47
AGL,Common Stock,FAIL,86.95,207.79,1Y,0.0,0.09,5.01,76.93
ALMR,Common Stock,FAIL,30.19,,1Y,0.0,0.09,2.05,26.09
ALXO,Common Stock,FAIL,2.01,71.79,1Y,0.0,0.09,0.09,1.83
AMS,Common Stock,FAIL,1.44,-40.5,1Y,0.0,0.09,0.05,1.34
AMX,Common Stock,FAIL,22.92,17.5,1Y,0.0,0.09,0.4,22.12
APC,Common Stock,FAIL,18.64,,1Y,0.0,0.09,0.47,17.7
APEI,Common Stock,FAIL,45.6,38.27,1Y,0.0,0.09,1.5,42.6
APTV,Common Stock,FAIL,46.42,-43.12,1Y,0.0,0.09,1.46,43.5
ARKO,Common Stock,FAIL,4.72,-3.24,1Y,0.0,0.09,0.2,4.32
ASBA,Common Stock,FAIL,24.82,6.91,1Y,0.0,0.09,0.18,24.46
ASLE,Common Stock,FAIL,5.76,-31.35,1Y,0.0,0.09,0.15,5.46
ASMB,Common Stock,FAIL,36.06,61.99,1Y,0.0,0.09,1.62,32.82
ATR,Common Stock,FAIL,126.29,-5.91,1Y,0.0,0.09,2.35,121.59
AXS,Common Stock,FAIL,99.52,3.37,1Y,0.0,0.09,1.76,96.0
AZIO,Common Stock,FAIL,1.23,-51.76,1Y,0.0,0.09,0.12,0.99
BAER,Common Stock,FAIL,1.11,-41.88,1Y,0.0,0.09,0.06,0.99
BBSI,Common Stock,FAIL,32.29,-29.17,1Y,0.0,0.09,1.02,30.25
BC,Common Stock,FAIL,72.49,14.55,1Y,0.0,0.09,2.52,67.45
BCC,Common Stock,FAIL,77.44,-8.76,1Y,0.0,0.09,2.42,72.6
BDC,Common Stock,FAIL,122.14,-5.84,1Y,0.0,0.09,4.33,113.48
BETR,Common Stock,FAIL,13.95,-41.95,1Y,0.0,0.09,1.36,11.23
BGSF,Common Stock,FAIL,5.35,15.83,1Y,0.0,0.09,0.19,4.97
BIO,Common Stock,FAIL,381.51,37.77,1Y,0.0,0.09,11.33,358.85
BIRK,Common Stock,FAIL,33.62,-28.28,1Y,0.0,0.09,1.32,30.98
BKH,Common Stock,FAIL,74.61,32.01,1Y,0.0,0.09,1.32,71.97
BOBS,Common Stock,FAIL,17.18,,1Y,0.0,0.09,0.82,15.54
BOKF,Common Stock,FAIL,135.95,25.62,1Y,0.0,0.09,2.49,130.97
BOOT,Common Stock,FAIL,151.54,-17.46,1Y,0.0,0.09,6.14,139.26
BPYPP,Common Stock,FAIL,16.23,19.22,1Y,0.0,0.09,0.14,15.95
BRBS,Common Stock,FAIL,3.98,18.91,1Y,0.0,0.09,0.07,3.84
BSAA,Common Stock,FAIL,10.95,9.17,1Y,0.0,0.09,0.41,10.13
BVN,Common Stock,FAIL,34.66,77.98,1Y,0.0,0.09,1.52,31.62
BWA,Common Stock,FAIL,66.63,56.2,1Y,0.0,0.09,1.89,62.85
BYAH,Common Stock,FAIL,2.4,-98.91,1Y,0.0,0.09,0.21,1.98
CANF,Common Stock,FAIL,2.29,-82.65,1Y,0.0,0.09,0.19,1.91
CASH,Common Stock,FAIL,81.72,7.09,1Y,0.0,0.09,1.68,78.36
CBUS,Common Stock,FAIL,1.62,16.55,1Y,0.0,0.09,0.09,1.44
CCHH,Common Stock,FAIL,1.2,,1Y,0.0,0.09,0.07,1.06
CEPO,Common Stock,FAIL,10.75,3.07,1Y,0.0,0.09,0.03,10.69
CEPU,Common Stock,FAIL,14.07,56.68,1Y,0.0,0.09,0.5,13.07
CERS,Common Stock,FAIL,2.57,117.8,1Y,0.0,0.09,0.1,2.37
CGNX,Common Stock,FAIL,62.64,41.99,1Y,0.0,0.09,1.9,58.84
CIMP,Common Stock,FAIL,25.23,,1Y,0.0,0.09,0.13,24.97
CITR,Common Stock,FAIL,5.17,,1Y,0.0,0.09,0.43,4.31
CLFD,Common Stock,FAIL,28.88,-12.59,1Y,0.0,0.09,1.07,26.74
CLGN,Common Stock,FAIL,3.33,-87.76,1Y,0.0,0.09,0.93,1.47
CLH,Common Stock,FAIL,316.94,35.22,1Y,0.0,0.09,6.11,304.72
CLNE,Common Stock,FAIL,1.65,-35.55,1Y,0.0,0.09,0.07,1.51
CME,Common Stock,FAIL,278.48,10.78,1Y,0.0,0.09,5.94,266.6
CMS,Common Stock,FAIL,69.28,0.32,1Y,0.0,0.09,1.01,67.26
CNP,Common Stock,FAIL,40.27,8.99,1Y,0.0,0.09,0.77,38.73
COMP,Common Stock,FAIL,10.78,17.3,1Y,0.0,0.09,0.51,9.76
CON,Common Stock,FAIL,33.88,58.23,1Y,0.0,0.09,0.75,32.38
CPA,Common Stock,FAIL,131.11,19.97,1Y,0.0,0.09,2.98,125.15
CPAY,Common Stock,FAIL,409.86,34.47,1Y,0.0,0.09,8.99,391.88
CRC,Common Stock,FAIL,55.68,8.55,1Y,0.0,0.09,1.43,52.82
CRNC,Common Stock,FAIL,8.44,-9.25,1Y,0.0,0.09,0.39,7.66
CRVL,Common Stock,FAIL,66.99,-21.79,1Y,0.0,0.09,2.04,62.91
CTRN,Common Stock,FAIL,68.46,98.2,1Y,0.0,0.09,3.5,61.46
CUBE,Common Stock,FAIL,39.78,3.28,1Y,0.0,0.09,0.66,38.46
CURX,Common Stock,FAIL,5.18,-96.67,1Y,0.0,0.09,0.55,4.08
CUZ,Common Stock,FAIL,28.71,3.15,1Y,0.0,0.09,0.59,27.53
CVS,Common Stock,FAIL,95.65,33.41,1Y,0.0,0.09,1.81,92.03
DCI,Common Stock,FAIL,91.23,15.27,1Y,0.0,0.09,2.21,86.81
DCO,Common Stock,FAIL,168.7,85.0,1Y,0.0,0.09,6.95,154.8
DMC,Common Stock,FAIL,32.02,-6.33,1Y,0.0,0.09,0.77,30.48
DOX,Common Stock,FAIL,60.65,-25.28,1Y,0.0,0.09,1.55,57.55
DRH,Common Stock,FAIL,12.15,50.92,1Y,0.0,0.09,0.3,11.55
DRI,Common Stock,FAIL,215.63,5.21,1Y,0.0,0.09,5.25,205.13
DRS,Common Stock,FAIL,36.91,-9.5,1Y,0.0,0.09,1.27,34.37
DSGN,Common Stock,FAIL,15.1,146.33,1Y,0.0,0.09,0.66,13.78
DTM,Common Stock,FAIL,131.07,25.78,1Y,0.0,0.09,3.74,123.59
ELE,Common Stock,FAIL,21.17,31.4,1Y,0.0,0.09,0.89,19.39
ELPW,Common Stock,FAIL,2.9,-99.99,1Y,0.0,0.09,0.34,2.22
EMF,Common Stock,FAIL,23.06,59.39,1Y,0.0,0.09,0.47,22.12
EMN,Common Stock,FAIL,70.39,13.6,1Y,0.0,0.09,1.86,66.67
ENHA,Common Stock,FAIL,1.59,,1Y,0.0,0.09,0.12,1.35
EPAC,Common Stock,FAIL,36.89,-12.77,1Y,0.0,0.09,0.71,35.47
EPC,Common Stock,FAIL,28.19,33.11,1Y,0.0,0.09,1.11,25.97
ERAS,Common Stock,FAIL,16.17,943.23,1Y,0.0,0.09,1.17,13.83
ERIE,Common Stock,FAIL,249.04,-22.93,1Y,0.0,0.09,8.03,232.98
ETX,Common Stock,FAIL,18.15,0.12,1Y,0.0,0.09,0.1,17.95
EYPT,Common Stock,FAIL,4.59,-66.13,1Y,0.0,0.09,0.43,3.73
FGBI,Common Stock,FAIL,8.44,1.63,1Y,0.0,0.09,0.35,7.74
FHB,Common Stock,FAIL,25.92,5.52,1Y,0.0,0.09,0.45,25.02
FIGX,Common Stock,FAIL,10.32,3.41,1Y,0.0,0.09,0.01,10.3
FIRY,Common Stock,FAIL,9.93,37.92,1Y,0.0,0.09,0.58,8.77
FLL,Common Stock,FAIL,2.04,-38.74,1Y,0.0,0.09,0.12,1.8
FNV,Common Stock,FAIL,266.21,34.46,1Y,0.0,0.09,8.88,248.45
FOXF,Common Stock,FAIL,20.69,-26.11,1Y,0.0,0.09,0.75,19.19
FRPT,Common Stock,FAIL,69.23,29.62,1Y,0.0,0.09,2.39,64.45
FVCB,Common Stock,FAIL,18.62,42.63,1Y,0.0,0.09,0.44,17.74
GCGR,Common Stock,FAIL,10.17,,1Y,0.0,0.09,0.0,10.17
ACH,Common Stock,FAIL,1.14,-79.2,1Y,0.0,0.08,0.1,0.94
ADAMN,Common Stock,FAIL,25.05,26.59,1Y,0.0,0.08,0.13,24.79
ADV,Common Stock,FAIL,30.74,-33.17,1Y,0.0,0.08,1.77,27.2
AIAI,Common Stock,FAIL,4.2,,1Y,0.0,0.08,0.95,2.3
AIR,Common Stock,FAIL,127.01,71.52,1Y,0.0,0.08,4.61,117.79
ALLE,Common Stock,FAIL,156.36,-7.53,1Y,0.0,0.08,3.83,148.7
ANDG,Common Stock,FAIL,55.3,,1Y,0.0,0.08,2.14,51.02
ARW,Common Stock,FAIL,215.26,69.42,1Y,0.0,0.08,6.49,202.28
ASTE,Common Stock,FAIL,43.19,-5.37,1Y,0.0,0.08,1.59,40.01
AUNA,Common Stock,FAIL,5.24,-17.48,1Y,0.0,0.08,0.21,4.82
AVA,Common Stock,FAIL,37.87,9.7,1Y,0.0,0.08,0.64,36.59
AX,Common Stock,FAIL,96.89,5.5,1Y,0.0,0.08,2.06,92.77
BFS,Common Stock,FAIL,32.51,9.24,1Y,0.0,0.08,0.52,31.47
BGC,Common Stock,FAIL,12.01,20.72,1Y,0.0,0.08,0.39,11.23
BHE,Common Stock,FAIL,73.78,87.3,1Y,0.0,0.08,2.35,69.08
BHFAO,Common Stock,FAIL,14.68,-5.87,1Y,0.0,0.08,0.23,14.22
BIPC,Common Stock,FAIL,37.51,-2.59,1Y,0.0,0.08,0.85,35.81
BLCO,Common Stock,FAIL,17.5,16.67,1Y,0.0,0.08,0.45,16.6
BMA,Common Stock,FAIL,78.25,71.47,1Y,0.0,0.08,3.12,72.01
BNH,Common Stock,FAIL,14.86,-3.9,1Y,0.0,0.08,0.15,14.56
BPRN,Common Stock,FAIL,43.47,40.22,1Y,0.0,0.08,0.88,41.71
BTT,Common Stock,FAIL,22.67,2.87,1Y,0.0,0.08,0.14,22.39
BWIV,Common Stock,FAIL,9.91,,1Y,0.0,0.08,0.03,9.85
CAPR,Common Stock,FAIL,9.05,42.97,1Y,0.0,0.08,1.16,6.73
CENT,Common Stock,FAIL,41.17,13.67,1Y,0.0,0.08,1.05,39.07
CFG,Common Stock,FAIL,70.41,39.99,1Y,0.0,0.08,1.45,67.51
CLW,Common Stock,FAIL,20.33,-4.28,1Y,0.0,0.08,0.89,18.55
CM,Common Stock,FAIL,117.22,50.91,1Y,0.0,0.08,2.87,111.48
CMP,Common Stock,FAIL,25.76,42.87,1Y,0.0,0.08,1.04,23.68
CNOB,Common Stock,FAIL,31.98,31.88,1Y,0.0,0.08,0.59,30.8
CODX,Common Stock,FAIL,1.13,-87.73,1Y,0.0,0.08,0.1,0.93
CTBI,Common Stock,FAIL,77.58,39.81,1Y,0.0,0.08,1.34,74.9
CVLG,Common Stock,FAIL,34.61,51.89,1Y,0.0,0.08,1.16,32.29
CXT,Common Stock,FAIL,49.88,-16.79,1Y,0.0,0.08,1.42,47.04
DBRG,Common Stock,FAIL,15.91,42.83,1Y,0.0,0.08,0.03,15.85
DD,Common Stock,FAIL,130.74,39.28,1Y,0.0,0.08,2.79,125.16
DGII,Common Stock,FAIL,70.06,105.15,1Y,0.0,0.08,2.9,64.26
DIBS,Common Stock,FAIL,4.68,70.18,1Y,0.0,0.08,0.26,4.16
DTST,Common Stock,FAIL,2.96,-35.93,1Y,0.0,0.08,0.11,2.74
EBF,Common Stock,FAIL,21.17,24.03,1Y,0.0,0.08,0.4,20.37
ECCU,Common Stock,FAIL,25.5,8.93,1Y,0.0,0.08,0.18,25.14
ECCV,Common Stock,FAIL,24.17,9.26,1Y,0.0,0.08,0.15,23.87
EL,Common Stock,FAIL,101.72,18.0,1Y,0.0,0.08,4.33,93.06
ELAN,Common Stock,FAIL,24.08,31.37,1Y,0.0,0.08,0.77,22.54
ELWT,Common Stock,FAIL,7.21,,1Y,0.0,0.08,0.34,6.53
EMA,Common Stock,FAIL,50.99,11.93,1Y,0.0,0.08,0.74,49.51
ENTA,Common Stock,FAIL,13.66,63.99,1Y,0.0,0.08,0.63,12.4
ESAB,Common Stock,FAIL,74.92,-33.78,1Y,0.0,0.08,2.69,69.54
EVRG,Common Stock,FAIL,82.51,19.24,1Y,0.0,0.08,1.34,79.83
EXPO,Common Stock,FAIL,67.0,-1.69,1Y,0.0,0.08,1.79,63.42
FA,Common Stock,FAIL,20.78,31.85,1Y,0.0,0.08,0.74,19.3
FEAM,Common Stock,FAIL,1.59,-61.03,1Y,0.0,0.08,0.11,1.37
FINW,Common Stock,FAIL,14.02,-26.83,1Y,0.0,0.08,0.4,13.22
FRD,Common Stock,FAIL,45.81,112.03,1Y,0.0,0.08,2.15,41.51
FVAV,Common Stock,FAIL,10.35,,1Y,0.0,0.08,0.02,10.31
GBCI,Common Stock,FAIL,46.43,-1.65,1Y,0.0,0.08,0.97,44.49
GDOT,Common Stock,FAIL,13.28,-2.85,1Y,0.0,0.08,0.17,12.94
ACCS,Common Stock,FAIL,5.21,-52.16,1Y,0.0,0.07,0.32,4.57
ACEL,Common Stock,FAIL,11.7,5.5,1Y,0.0,0.07,0.25,11.2
ADC,Common Stock,FAIL,73.48,6.52,1Y,0.0,0.07,0.87,71.74
AFGD,Common Stock,FAIL,20.86,1.42,1Y,0.0,0.07,0.6,19.66
AFYA,Common Stock,FAIL,14.53,-0.11,1Y,0.0,0.07,0.43,13.67
AHR,Common Stock,FAIL,55.24,30.76,1Y,0.0,0.07,1.13,52.98
ANDE,Common Stock,FAIL,70.19,78.15,1Y,0.0,0.07,2.45,65.29
AQB,Common Stock,FAIL,1.18,2.61,1Y,0.0,0.07,0.07,1.04
AROC,Common Stock,FAIL,32.92,36.85,1Y,0.0,0.07,1.18,30.56
ARQ,Common Stock,FAIL,2.25,-67.72,1Y,0.0,0.07,0.12,2.01
ASPS,Common Stock,FAIL,5.6,-50.7,1Y,0.0,0.07,0.2,5.2
ATHM,Common Stock,FAIL,21.8,-21.32,1Y,0.0,0.07,0.77,20.26
ATMU,Common Stock,FAIL,47.92,5.75,1Y,0.0,0.07,1.72,44.48
ATNI,Common Stock,FAIL,30.9,110.63,1Y,0.0,0.07,0.89,29.12
ATO,Common Stock,FAIL,169.0,5.5,1Y,0.0,0.07,2.41,164.18
AURE,Common Stock,FAIL,1.53,-71.13,1Y,0.0,0.07,0.13,1.27
AVT,Common Stock,FAIL,92.32,75.16,1Y,0.0,0.07,3.09,86.14
BFC,Common Stock,FAIL,155.16,22.66,1Y,0.0,0.07,3.42,148.32
BIP,Common Stock,FAIL,37.1,25.6,1Y,0.0,0.07,0.83,35.44
BMNP,Common Stock,FAIL,98.14,,1Y,0.0,0.07,1.53,95.08
BNL,Common Stock,FAIL,20.84,19.19,1Y,0.0,0.07,0.35,20.14
BRCC,Common Stock,FAIL,8.81,-42.42,1Y,0.0,0.07,0.7,7.41
BRKR,Common Stock,FAIL,57.11,88.24,1Y,0.0,0.07,2.61,51.89
BTMD,Common Stock,FAIL,1.49,-54.71,1Y,0.0,0.07,0.14,1.21
BTSGU,Common Stock,FAIL,200.31,126.58,1Y,0.0,0.07,3.33,193.65
BWIN,Common Stock,FAIL,29.86,-1.68,1Y,0.0,0.07,1.02,27.82
BY,Common Stock,FAIL,38.51,35.64,1Y,0.0,0.07,0.63,37.25
CAAP,Common Stock,FAIL,24.43,26.36,1Y,0.0,0.07,0.77,22.89
CABO,Common Stock,FAIL,23.97,-84.9,1Y,0.0,0.07,3.29,17.39
CARE,Common Stock,FAIL,31.57,60.3,1Y,0.0,0.07,0.72,30.13
CARL,Common Stock,FAIL,15.13,11.25,1Y,0.0,0.07,0.84,13.45
CCNE,Common Stock,FAIL,34.51,36.96,1Y,0.0,0.07,0.71,33.09
CDRO,Common Stock,FAIL,8.97,11.01,1Y,0.0,0.07,0.25,8.47
CG,Common Stock,FAIL,46.92,-26.49,1Y,0.0,0.07,1.36,44.2
CKX,Common Stock,FAIL,11.12,0.18,1Y,0.0,0.07,0.33,10.46
CLWT,Common Stock,FAIL,1.64,16.31,1Y,0.0,0.07,0.08,1.48
CNA,Common Stock,FAIL,48.12,10.22,1Y,0.0,0.07,0.94,46.24
CNS,Common Stock,FAIL,79.18,15.55,1Y,0.0,0.07,2.41,74.36
CPAC,Common Stock,FAIL,12.6,85.84,1Y,0.0,0.07,0.24,12.12
CSL,Common Stock,FAIL,344.21,-7.71,1Y,0.0,0.07,11.05,322.11
CSTE,Common Stock,FAIL,3.05,108.9,1Y,0.0,0.07,0.22,2.61
CSTL,Common Stock,FAIL,32.38,41.15,1Y,0.0,0.07,1.76,28.86
CTNM,Common Stock,FAIL,16.76,42.09,1Y,0.0,0.07,0.94,14.88
CTRE,Common Stock,FAIL,39.52,21.43,1Y,0.0,0.07,0.71,38.1
CVV,Common Stock,FAIL,6.8,122.22,1Y,0.0,0.07,0.39,6.02
CWST,Common Stock,FAIL,92.58,1.17,1Y,0.0,0.07,2.71,87.16
DAN,Common Stock,FAIL,31.46,53.84,1Y,0.0,0.07,0.94,29.58
DHF,Common Stock,FAIL,2.37,-1.96,1Y,0.0,0.07,0.02,2.33
DIT,Common Stock,FAIL,67.64,-13.18,1Y,0.0,0.07,2.17,63.3
DKI,Common Stock,FAIL,2.94,-45.05,1Y,0.0,0.07,0.25,2.44
DMB,Common Stock,FAIL,10.46,4.89,1Y,0.0,0.07,0.09,10.28
DMII,Common Stock,FAIL,10.16,,1Y,0.0,0.07,0.02,10.12
DRUG,Common Stock,FAIL,65.71,55.82,1Y,0.0,0.07,3.54,58.63
DTB,Common Stock,FAIL,15.74,-9.87,1Y,0.0,0.07,0.17,15.4
DTCX,Common Stock,FAIL,2.04,-63.18,1Y,0.0,0.07,0.29,1.46
EFR,Common Stock,FAIL,10.48,-2.17,1Y,0.0,0.07,0.09,10.3
EPRT,Common Stock,FAIL,29.75,4.42,1Y,0.0,0.07,0.39,28.97
EVR,Common Stock,FAIL,296.82,-9.8,1Y,0.0,0.07,8.47,279.88
EZPW,Common Stock,FAIL,33.54,99.76,1Y,0.0,0.07,1.58,30.38
FCNCO,Common Stock,FAIL,20.29,-4.34,1Y,0.0,0.07,0.24,19.81
FDBC,Common Stock,FAIL,55.06,26.57,1Y,0.0,0.07,0.78,53.5
FFA,Common Stock,FAIL,23.23,17.0,1Y,0.0,0.07,0.25,22.73
FGN,Common Stock,FAIL,24.32,-0.04,1Y,0.0,0.07,0.31,23.7
FLOC,Common Stock,FAIL,21.69,38.85,1Y,0.0,0.07,0.88,19.93
FR,Common Stock,FAIL,61.73,24.89,1Y,0.0,0.07,0.88,59.97
GBFH,Common Stock,FAIL,20.05,-48.4,1Y,0.0,0.07,0.82,18.41
ACHC,Common Stock,FAIL,27.78,31.91,1Y,0.0,0.06,1.38,25.02
ACV,Common Stock,FAIL,26.44,21.87,1Y,0.0,0.06,0.45,25.54
AFG,Common Stock,FAIL,142.06,9.06,1Y,0.0,0.06,2.15,137.76
AGNCN,Common Stock,FAIL,25.81,9.56,1Y,0.0,0.06,0.09,25.63
AGNCO,Common Stock,FAIL,25.71,10.49,1Y,0.0,0.06,0.06,25.59
AIFA,Common Stock,FAIL,3.1,-41.62,1Y,0.0,0.06,0.25,2.6
AIN,Common Stock,FAIL,61.3,4.0,1Y,0.0,0.06,2.57,56.16
AIOS,Common Stock,FAIL,12.4,-82.44,1Y,0.0,0.06,1.88,8.64
AKR,Common Stock,FAIL,20.34,9.14,1Y,0.0,0.06,0.42,19.5
AMAN,Common Stock,FAIL,10.73,,1Y,0.0,0.06,0.15,10.43
AMOD,Common Stock,FAIL,2.1,-95.09,1Y,0.0,0.06,0.44,1.22
APAM,Common Stock,FAIL,41.3,-1.95,1Y,0.0,0.06,1.02,39.26
APXT,Common Stock,FAIL,10.13,,1Y,0.0,0.06,0.01,10.11
ARCO,Common Stock,FAIL,8.18,20.89,1Y,0.0,0.06,0.19,7.8
ARE,Common Stock,FAIL,51.64,-34.78,1Y,0.0,0.06,2.0,47.64
ARTNA,Common Stock,FAIL,36.18,13.19,1Y,0.0,0.06,0.58,35.02
ASRV,Common Stock,FAIL,4.86,77.53,1Y,0.0,0.06,0.24,4.38
AVBC,Common Stock,FAIL,22.03,44.1,1Y,0.0,0.06,0.44,21.15
BANR,Common Stock,FAIL,70.61,9.41,1Y,0.0,0.06,1.27,68.07
BCML,Common Stock,FAIL,30.47,4.99,1Y,0.0,0.06,0.74,28.99
BCO,Common Stock,FAIL,107.26,-5.28,1Y,0.0,0.06,3.19,100.88
BIPJ,Common Stock,FAIL,23.98,0.85,1Y,0.0,0.06,0.42,23.14
BLBD,Common Stock,FAIL,63.87,11.27,1Y,0.0,0.06,2.16,59.55
BNTC,Common Stock,FAIL,12.73,-4.57,1Y,0.0,0.06,0.76,11.21
BOH,Common Stock,FAIL,76.57,17.04,1Y,0.0,0.06,1.22,74.13
CCM,Common Stock,FAIL,4.41,-21.81,1Y,0.0,0.06,0.39,3.63
CDNL,Common Stock,FAIL,36.34,,1Y,0.0,0.06,2.36,31.62
CDP,Common Stock,FAIL,35.05,19.59,1Y,0.0,0.06,0.79,33.47
CELZ,Common Stock,FAIL,1.1,-68.02,1Y,0.0,0.06,0.1,0.9
CENN,Common Stock,FAIL,4.09,-87.52,1Y,0.0,0.06,0.26,3.57
CHAR,Common Stock,FAIL,10.97,6.3,1Y,0.0,0.06,0.01,10.95
CISS,Common Stock,FAIL,1.47,-99.99,1Y,0.0,0.06,0.46,0.55
CLPS,Common Stock,FAIL,1.05,2.94,1Y,0.0,0.06,0.06,0.93
CLRB,Common Stock,FAIL,2.38,-52.4,1Y,0.0,0.06,0.09,2.2
CNO,Common Stock,FAIL,55.56,43.35,1Y,0.0,0.06,1.06,53.44
CODI,Common Stock,FAIL,11.51,63.96,1Y,0.0,0.06,0.39,10.73
COOK,Common Stock,FAIL,49.57,-24.32,1Y,0.0,0.06,2.56,44.45
CRGO,Common Stock,FAIL,1.27,-59.81,1Y,0.0,0.06,0.1,1.07
CTSO,Common Stock,FAIL,6.99,,1Y,0.0,0.06,0.58,5.83
CVEO,Common Stock,FAIL,34.08,46.77,1Y,0.0,0.06,0.96,32.16
CVKD,Common Stock,FAIL,1.23,-90.72,1Y,0.0,0.06,0.19,0.85
CXAI,Common Stock,FAIL,3.35,-90.23,1Y,0.0,0.06,0.38,2.59
CYCU,Common Stock,FAIL,3.4,-92.72,1Y,0.0,0.06,0.59,2.22
CYD,Common Stock,FAIL,38.06,4.79,1Y,0.0,0.06,1.95,34.16
DBD,Common Stock,FAIL,67.18,12.79,1Y,0.0,0.06,2.02,63.14
DMAA,Common Stock,FAIL,10.76,4.67,1Y,0.0,0.06,0.02,10.72
EBON,Common Stock,FAIL,2.35,-42.68,1Y,0.0,0.06,0.17,2.01
EDBL,Common Stock,FAIL,1.41,-99.82,1Y,0.0,0.06,0.09,1.23
EFXT,Common Stock,FAIL,22.47,119.02,1Y,0.0,0.06,0.92,20.63
EVAX,Common Stock,FAIL,3.25,15.25,1Y,0.0,0.06,0.25,2.75
EXOD,Common Stock,FAIL,7.35,-73.26,1Y,0.0,0.06,1.09,5.17
FF,Common Stock,FAIL,5.37,42.73,1Y,0.0,0.06,0.21,4.95
FGNX,Common Stock,FAIL,7.99,-76.67,1Y,0.0,0.06,0.59,6.81
FOSL,Common Stock,FAIL,5.05,71.19,1Y,0.0,0.06,0.26,4.53
FUL,Common Stock,FAIL,53.11,-12.52,1Y,0.0,0.06,1.68,49.75
ACVA,Common Stock,FAIL,6.74,-35.38,1Y,0.0,0.05,0.35,6.04
AEBI,Common Stock,FAIL,12.89,9.93,1Y,0.0,0.05,0.6,11.69
AGNCZ,Common Stock,FAIL,25.55,8.36,1Y,0.0,0.05,0.16,25.23
AGO,Common Stock,FAIL,74.47,-7.58,1Y,0.0,0.05,1.41,71.65
ALH,Common Stock,FAIL,22.34,,1Y,0.0,0.05,0.76,20.82
ALTG,Common Stock,FAIL,6.03,-21.38,1Y,0.0,0.05,0.35,5.33
AMLX,Common Stock,FAIL,34.08,188.08,1Y,0.0,0.05,2.08,29.92
ARCLU,Common Stock,FAIL,10.23,,1Y,0.0,0.05,0.01,10.21
ARMP,Common Stock,FAIL,5.8,94.63,1Y,0.0,0.05,0.49,4.82
ATII,Common Stock,FAIL,10.65,4.41,1Y,0.0,0.05,0.05,10.55
AVD,Common Stock,FAIL,2.31,-56.9,1Y,0.0,0.05,0.13,2.05
AYTU,Common Stock,FAIL,2.22,-2.63,1Y,0.0,0.05,0.08,2.06
BATRK,Common Stock,FAIL,50.76,21.44,1Y,0.0,0.05,1.29,48.18
BBOT,Common Stock,FAIL,8.97,-10.75,1Y,0.0,0.05,0.47,8.03
BCBP,Common Stock,FAIL,8.55,2.35,1Y,0.0,0.05,0.18,8.19
BEPH,Common Stock,FAIL,15.07,-1.64,1Y,0.0,0.05,0.13,14.81
BGIN,Common Stock,FAIL,2.02,,1Y,0.0,0.05,0.17,1.68
BHFAN,Common Stock,FAIL,11.72,-5.66,1Y,0.0,0.05,0.2,11.32
BLX,Common Stock,FAIL,55.39,22.69,1Y,0.0,0.05,1.0,53.39
BMRA,Common Stock,FAIL,2.3,-21.5,1Y,0.0,0.05,0.17,1.96
BV,Common Stock,FAIL,11.26,-18.7,1Y,0.0,0.05,0.32,10.62
CABR,Common Stock,FAIL,1.31,,1Y,0.0,0.05,0.11,1.09
CCO,Common Stock,FAIL,2.38,87.4,1Y,0.0,0.05,0.03,2.32
CDRE,Common Stock,FAIL,29.76,-4.44,1Y,0.0,0.05,1.27,27.22
CHNR,Common Stock,FAIL,3.82,-23.6,1Y,0.0,0.05,0.16,3.5
CMTG,Common Stock,FAIL,1.6,-58.01,1Y,0.0,0.05,0.08,1.44
CPF,Common Stock,FAIL,37.76,26.46,1Y,0.0,0.05,0.78,36.2
CPIX,Common Stock,FAIL,6.54,148.05,1Y,0.0,0.05,0.62,5.3
CSV,Common Stock,FAIL,33.67,-18.13,1Y,0.0,0.05,0.74,32.19
CVR,Common Stock,FAIL,10.25,1.88,1Y,0.0,0.05,0.28,9.69
CWT,Common Stock,FAIL,50.03,12.68,1Y,0.0,0.05,0.83,48.37
DSY,Common Stock,FAIL,3.91,-87.86,1Y,0.0,0.05,0.18,3.55
DTK,Common Stock,FAIL,22.83,,1Y,0.0,0.05,0.51,21.81
DYOR,Common Stock,FAIL,10.12,,1Y,0.0,0.05,0.0,10.12
EDSA,Common Stock,FAIL,4.81,97.13,1Y,0.0,0.05,0.49,3.83
EVC,Common Stock,FAIL,8.25,270.28,1Y,0.0,0.05,0.38,7.49
FGII,Common Stock,FAIL,10.01,,1Y,0.0,0.05,0.01,9.99
FIEE,Common Stock,FAIL,3.74,29.86,1Y,0.0,0.05,0.32,3.1
FLX,Common Stock,FAIL,1.91,-40.68,1Y,0.0,0.05,0.13,1.65
FRBA,Common Stock,FAIL,18.25,11.59,1Y,0.0,0.05,0.51,17.23
FRGT,Common Stock,FAIL,1.02,-96.91,1Y,0.0,0.05,0.15,0.72
FSBC,Common Stock,FAIL,46.56,45.4,1Y,0.0,0.05,0.98,44.6
FSEA,Common Stock,FAIL,17.19,46.55,1Y,0.0,0.05,0.04,17.11
FSTR,Common Stock,FAIL,37.6,40.4,1Y,0.0,0.05,1.33,34.94
FTK,Common Stock,FAIL,24.25,118.47,1Y,0.0,0.05,1.39,21.47
FTLF,Common Stock,FAIL,9.73,-47.8,1Y,0.0,0.05,0.41,8.91
FUFU,Common Stock,FAIL,1.33,-65.63,1Y,0.0,0.05,0.12,1.09
FVR,Common Stock,FAIL,18.99,47.86,1Y,0.0,0.05,0.47,18.05
GBLI,Common Stock,FAIL,30.25,8.5,1Y,0.0,0.05,1.0,28.25
GBTG,Common Stock,FAIL,9.48,19.55,1Y,0.0,0.05,0.02,9.44
GBX,Common Stock,FAIL,43.05,-3.8,1Y,0.0,0.05,1.11,40.83
GDC,Common Stock,FAIL,1.5,-99.9,1Y,0.0,0.05,0.38,0.74
ACM,Common Stock,FAIL,66.39,-46.37,1Y,0.0,0.04,2.34,61.71
AEHL,Common Stock,FAIL,7.92,-98.09,1Y,0.0,0.04,1.62,4.68
AIRE,Common Stock,FAIL,1.52,-91.31,1Y,0.0,0.04,0.15,1.22
AOMD,Common Stock,FAIL,25.12,10.48,1Y,0.0,0.04,0.1,24.92
APMCU,Common Stock,FAIL,10.09,,1Y,0.0,0.04,0.01,10.07
APUS,Common Stock,FAIL,2.32,-88.51,1Y,0.0,0.04,0.58,1.16
AROW,Common Stock,FAIL,39.97,42.05,1Y,0.0,0.04,0.9,38.17
ARTW,Common Stock,FAIL,3.18,2.58,1Y,0.0,0.04,0.2,2.78
ASIX,Common Stock,FAIL,17.35,-12.83,1Y,0.0,0.04,0.58,16.19
BEEM,Common Stock,FAIL,1.45,-39.83,1Y,0.0,0.04,0.14,1.17
BHM,Common Stock,FAIL,8.85,-27.36,1Y,0.0,0.04,0.32,8.21
BLZR,Common Stock,FAIL,10.23,,1Y,0.0,0.04,0.01,10.21
CAMP,Common Stock,FAIL,4.41,58.06,1Y,0.0,0.04,0.35,3.71
CBNK,Common Stock,FAIL,35.81,8.43,1Y,0.0,0.04,0.76,34.29
CBU,Common Stock,FAIL,63.33,10.46,1Y,0.0,0.04,1.0,61.33
CEV,Common Stock,FAIL,10.27,9.92,1Y,0.0,0.04,0.17,9.93
CHR,Common Stock,FAIL,1.74,-98.41,1Y,0.0,0.04,0.1,1.54
CHTRP,Common Stock,FAIL,23.02,-0.77,1Y,0.0,0.04,1.08,20.86
COFS,Common Stock,FAIL,33.87,15.79,1Y,0.0,0.04,0.74,32.39
CSPI,Common Stock,FAIL,8.05,-25.61,1Y,0.0,0.04,0.43,7.19
DIOD,Common Stock,FAIL,92.14,75.4,1Y,0.0,0.04,4.26,83.62
DWSN,Common Stock,FAIL,3.71,127.61,1Y,0.0,0.04,0.3,3.11
EMPD,Common Stock,FAIL,3.2,-54.87,1Y,0.0,0.04,0.24,2.72
ENRD,Common Stock,FAIL,4.36,,1Y,0.0,0.04,0.4,3.56
EURK,Common Stock,FAIL,11.55,7.69,1Y,0.0,0.04,0.18,11.19
FEED,Common Stock,FAIL,4.01,-94.34,1Y,0.0,0.04,0.38,3.25
FMAC,Common Stock,FAIL,10.09,,1Y,0.0,0.04,0.01,10.07
FNWB,Common Stock,FAIL,11.1,59.48,1Y,0.0,0.04,0.22,10.66
ABTS,Common Stock,FAIL,1.47,-62.69,1Y,0.0,0.03,0.15,1.17
ADAMG,Common Stock,FAIL,25.28,9.9,1Y,0.0,0.03,0.09,25.1
ADAMO,Common Stock,FAIL,25.29,,1Y,0.0,0.03,0.1,25.09
AFRI,Common Stock,FAIL,11.1,32.62,1Y,0.0,0.03,0.51,10.08
AMBO,Common Stock,FAIL,2.05,-42.58,1Y,0.0,0.03,0.09,1.87
AOMN,Common Stock,FAIL,25.4,0.4,1Y,0.0,0.03,0.21,24.98
ARL,Common Stock,FAIL,15.5,-4.73,1Y,0.0,0.03,0.55,14.4
ARTL,Common Stock,FAIL,6.04,-95.37,1Y,0.0,0.03,0.61,4.82
ASPC,Common Stock,FAIL,10.85,5.34,1Y,0.0,0.03,0.44,9.97
AWR,Common Stock,FAIL,88.56,24.33,1Y,0.0,0.03,1.49,85.58
BHF,Common Stock,FAIL,53.22,9.17,1Y,0.0,0.03,1.36,50.5
BHFAL,Common Stock,FAIL,15.23,-12.16,1Y,0.0,0.03,0.24,14.75
BTCT,Common Stock,FAIL,1.67,-34.51,1Y,0.0,0.03,0.52,0.63
CBAN,Common Stock,FAIL,21.67,30.63,1Y,0.0,0.03,0.46,20.75
CHGA,Common Stock,FAIL,2.4,-95.2,1Y,0.0,0.03,0.54,1.32
CHPG,Common Stock,FAIL,10.49,4.59,1Y,0.0,0.03,0.01,10.47
CIA,Common Stock,FAIL,3.91,-27.99,1Y,0.0,0.03,0.15,3.61
CIIT,Common Stock,FAIL,2.94,-95.33,1Y,0.0,0.03,0.27,2.4
DGICA,Common Stock,FAIL,19.19,4.66,1Y,0.0,0.03,0.47,18.25
DTF,Common Stock,FAIL,11.45,4.53,1Y,0.0,0.03,0.08,11.29
DXST,Common Stock,FAIL,2.61,-92.99,1Y,0.0,0.03,0.18,2.25
EHGO,Common Stock,FAIL,1.06,-90.16,1Y,0.0,0.03,0.22,0.62
EPSN,Common Stock,FAIL,6.3,18.71,1Y,0.0,0.03,0.19,5.92
EQS,Common Stock,FAIL,1.01,-58.78,1Y,0.0,0.03,0.03,0.95
FEMY,Common Stock,FAIL,2.72,-62.12,1Y,0.0,0.03,0.4,1.92
FSBW,Common Stock,FAIL,43.33,6.98,1Y,0.0,0.03,0.91,41.51
FSI,Common Stock,FAIL,5.71,-39.38,1Y,0.0,0.03,0.21,5.29
ADVB,Common Stock,FAIL,9.06,-9.22,1Y,0.0,0.02,1.04,6.98
ADXN,Common Stock,FAIL,3.6,-53.55,1Y,0.0,0.02,0.62,2.36
AP,Common Stock,FAIL,8.7,223.42,1Y,0.0,0.02,0.46,7.78
ARBB,Common Stock,FAIL,4.26,-7.79,1Y,0.0,0.02,0.39,3.48
ARX,Common Stock,FAIL,19.83,0.92,1Y,0.0,0.02,0.08,19.67
BACC,Common Stock,FAIL,10.48,5.01,1Y,0.0,0.02,0.03,10.42
BEPJ,Common Stock,FAIL,23.01,-1.5,1Y,0.0,0.02,0.3,22.41
BHB,Common Stock,FAIL,40.35,31.92,1Y,0.0,0.02,0.89,38.57
BHFAM,Common Stock,FAIL,10.21,-8.39,1Y,0.0,0.02,0.21,9.79
BIPI,Common Stock,FAIL,16.4,-4.85,1Y,0.0,0.02,0.2,16.0
BULLW,Common Stock,FAIL,3.76,-28.65,1Y,0.0,0.02,0.32,3.12
BWB,Common Stock,FAIL,22.0,33.94,1Y,0.0,0.02,0.53,20.94
CAII,Common Stock,FAIL,10.0,,1Y,0.0,0.02,0.01,9.98
CAST,Common Stock,FAIL,1.39,,1Y,0.0,0.02,0.22,0.95
CIVB,Common Stock,FAIL,27.63,34.82,1Y,0.0,0.02,0.56,26.51
COLA,Common Stock,FAIL,10.69,4.7,1Y,0.0,0.02,0.07,10.55
DAIC,Common Stock,FAIL,2.82,-96.92,1Y,0.0,0.02,1.24,0.34
ECOR,Common Stock,FAIL,9.03,83.91,1Y,0.0,0.02,0.79,7.45
EGG,Common Stock,FAIL,2.73,-51.6,1Y,0.0,0.02,0.28,2.17
GAINZ,Common Stock,FAIL,24.25,5.78,1Y,0.0,0.02,0.09,24.07
AEMD,Common Stock,FAIL,1.82,-94.4,1Y,0.0,0.01,0.32,1.18
AMIX,Common Stock,FAIL,4.56,-81.28,1Y,0.0,0.01,0.84,2.88
AQNB,Common Stock,FAIL,26.15,7.56,1Y,0.0,0.01,0.22,25.71
AUST,Common Stock,FAIL,1.23,-31.36,1Y,0.0,0.01,0.09,1.05
AZI,Common Stock,FAIL,1.28,-98.75,1Y,0.0,0.01,0.16,0.96
BIII,Common Stock,FAIL,10.06,,1Y,0.0,0.01,0.03,10.0
BIVI,Common Stock,FAIL,2.16,13.09,1Y,0.0,0.01,0.34,1.48
BRAG,Common Stock,FAIL,1.33,-48.85,1Y,0.0,0.01,0.1,1.13
CCEL,Common Stock,FAIL,4.2,-6.25,1Y,0.0,0.01,0.3,3.6
CELU,Common Stock,FAIL,1.67,-28.94,1Y,0.0,0.01,0.36,0.95
CNET,Common Stock,FAIL,1.27,-23.03,1Y,0.0,0.01,0.13,1.01
COPL,Common Stock,FAIL,10.52,4.16,1Y,0.0,0.01,0.02,10.48
CRAC,Common Stock,FAIL,10.2,,1Y,0.0,0.01,0.0,10.2
CUB,Common Stock,FAIL,10.88,3.62,1Y,0.0,0.01,0.02,10.84
CXII,Common Stock,FAIL,10.73,,1Y,0.0,0.01,0.09,10.55
DAAQ,Common Stock,FAIL,10.43,2.56,1Y,0.0,0.01,0.02,10.39
DYNC,Common Stock,FAIL,10.87,1.68,1Y,0.0,0.01,0.03,10.81
EDHL,Common Stock,FAIL,4.11,-68.71,1Y,0.0,0.01,0.29,3.53
EJH,Common Stock,FAIL,1.21,-95.68,1Y,0.0,0.01,0.2,0.81
ELLA,Common Stock,FAIL,25.42,,1Y,0.0,0.01,0.15,25.12
ELLO,Common Stock,FAIL,23.2,28.18,1Y,0.0,0.01,1.13,20.94
EXYN,Common Stock,FAIL,2.71,,1Y,0.0,0.01,0.57,1.57
FCRS,Common Stock,FAIL,10.23,,1Y,0.0,0.01,0.02,10.19
FENG,Common Stock,FAIL,1.48,-37.02,1Y,0.0,0.01,0.03,1.42
FLYE,Common Stock,FAIL,1.97,-87.84,1Y,0.0,0.01,0.31,1.35
FUSB,Common Stock,FAIL,16.48,44.8,1Y,0.0,0.01,0.24,16.0
FVN,Common Stock,FAIL,10.21,-2.11,1Y,0.0,0.01,2.54,5.13
AACI,Common Stock,FAIL,10.04,,1Y,0.0,0.0,0.01,10.02
AACO,Common Stock,FAIL,9.97,,1Y,0.0,0.0,0.0,9.97
AACOU,Common Stock,FAIL,10.06,,1Y,0.0,0.0,0.03,10.0
AACP,Common Stock,FAIL,10.06,,1Y,0.0,0.0,0.01,10.04
ACAA,Common Stock,FAIL,9.97,,1Y,0.0,0.0,0.01,9.95
ACGC,Common Stock,FAIL,10.02,,1Y,0.0,0.0,0.0,10.02
ADAC,Common Stock,FAIL,10.09,,1Y,0.0,0.0,0.01,10.07
AEAQU,Common Stock,FAIL,10.19,,1Y,0.0,0.0,0.03,10.13
ALDF,Common Stock,FAIL,10.81,3.54,1Y,0.0,0.0,0.01,10.79
ALF,Common Stock,FAIL,10.89,3.42,1Y,0.0,0.0,0.01,10.87
ALOV,Common Stock,FAIL,9.98,,1Y,0.0,0.0,0.01,9.96
ALUB,Common Stock,FAIL,10.11,,1Y,0.0,0.0,0.01,10.09
APACU,Common Stock,FAIL,10.4,,1Y,0.0,0.0,0.01,10.38
ARTC,Common Stock,FAIL,9.97,,1Y,0.0,0.0,0.02,9.93
ASPCU,Common Stock,FAIL,11.99,9.1,1Y,0.0,0.0,0.16,11.67
AXINU,Common Stock,FAIL,10.73,6.24,1Y,0.0,0.0,0.03,10.67
AZUL,Common Stock,FAIL,7.59,,1Y,0.0,0.0,0.37,6.85
BANFP,Common Stock,FAIL,27.5,12.85,1Y,0.0,0.0,0.65,26.2
BCSS,Common Stock,FAIL,10.28,,1Y,0.0,0.0,0.04,10.2
BDCIU,Common Stock,FAIL,10.25,,1Y,0.0,0.0,0.0,10.25
BEAGU,Common Stock,FAIL,11.22,5.85,1Y,0.0,0.0,0.07,11.08
BEBE,Common Stock,FAIL,9.98,,1Y,0.0,0.0,0.01,9.96
BIXI,Common Stock,FAIL,10.1,,1Y,0.0,0.0,0.01,10.08
BIXIU,Common Stock,FAIL,10.26,,1Y,0.0,0.0,0.0,10.26
BKHA,Common Stock,FAIL,11.99,8.51,1Y,0.0,0.0,0.03,11.93
BLRK,Common Stock,FAIL,10.14,,1Y,0.0,0.0,0.01,10.12
BMGL,Common Stock,FAIL,4.78,-79.57,1Y,0.0,0.0,0.51,3.76
BOXL,Common Stock,FAIL,6.03,-90.2,1Y,0.0,0.0,0.76,4.51
BPAC,Common Stock,FAIL,10.19,,1Y,0.0,0.0,0.01,10.17
BREZ,Common Stock,FAIL,10.01,,1Y,0.0,0.0,0.02,9.97
BRLS,Common Stock,FAIL,1.25,-53.36,1Y,0.0,0.0,0.35,0.55
CAIIU,Common Stock,FAIL,10.1,,1Y,0.0,0.0,0.01,10.08
CAPN,Common Stock,FAIL,11.18,7.71,1Y,0.0,0.0,0.02,11.14
CAQ,Common Stock,FAIL,10.03,,1Y,0.0,0.0,0.02,9.99
CCAQ,Common Stock,FAIL,10.55,4.66,1Y,0.0,0.0,0.03,10.49
CCAQU,Common Stock,FAIL,10.68,4.91,1Y,0.0,0.0,0.03,10.62
CCID,Common Stock,FAIL,25.02,,1Y,0.0,0.0,0.08,24.86
CCIIU,Common Stock,FAIL,10.47,1.95,1Y,0.0,0.0,0.01,10.45
CEPS,Common Stock,FAIL,10.36,,1Y,0.0,0.0,0.02,10.32
CGTL,Common Stock,FAIL,4.3,-66.23,1Y,0.0,0.0,0.42,3.46
CHEC,Common Stock,FAIL,10.23,,1Y,0.0,0.0,0.01,10.21
CLBR,Common Stock,FAIL,10.25,,1Y,0.0,0.0,0.01,10.23
CRAN,Common Stock,FAIL,10.14,,1Y,0.0,0.0,0.0,10.14
CRAQ,Common Stock,FAIL,10.38,3.9,1Y,0.0,0.0,0.02,10.34
CRE,Common Stock,FAIL,2.84,-66.19,1Y,0.0,0.0,0.9,1.04
CTAA,Common Stock,FAIL,9.95,,1Y,0.0,0.0,0.02,9.91
CUBWU,Common Stock,FAIL,11.02,3.47,1Y,0.0,0.0,0.0,11.02
CXIIU,Common Stock,FAIL,10.97,,1Y,0.0,0.0,0.07,10.83
DAAQU,Common Stock,FAIL,11.5,9.02,1Y,0.0,0.0,0.14,11.22
DBCA,Common Stock,FAIL,10.03,,1Y,0.0,0.0,0.01,10.01
DFSC,Common Stock,FAIL,1.57,-46.96,1Y,0.0,0.0,0.18,1.21
DMIIU,Common Stock,FAIL,10.2,,1Y,0.0,0.0,0.0,10.2
DNMXU,Common Stock,FAIL,10.16,,1Y,0.0,0.0,0.0,10.16
DRMA,Common Stock,FAIL,1.23,-77.64,1Y,0.0,0.0,0.13,0.97
DSAC,Common Stock,FAIL,10.15,,1Y,0.0,0.0,0.01,10.13
ECCC,Common Stock,FAIL,24.86,12.96,1Y,0.0,0.0,0.23,24.4
EMIS,Common Stock,FAIL,10.25,,1Y,0.0,0.0,0.01,10.23
ETSS,Common Stock,FAIL,9.93,,1Y,0.0,0.0,0.01,9.91
EVAC,Common Stock,FAIL,10.3,3.83,1Y,0.0,0.0,0.01,10.28
EVOX,Common Stock,FAIL,10.13,,1Y,0.0,0.0,0.01,10.11
FEDU,Common Stock,FAIL,10.43,-27.06,1Y,0.0,0.0,0.25,9.93
FERA,Common Stock,FAIL,10.52,3.54,1Y,0.0,0.0,0.01,10.5
FGI,Common Stock,FAIL,7.17,83.38,1Y,0.0,0.0,0.67,5.83
FIGXU,Common Stock,FAIL,10.35,2.78,1Y,0.0,0.0,0.0,10.35
FMY,Common Stock,FAIL,11.43,-1.04,1Y,0.0,0.0,0.19,11.05
FORTY,Common Stock,FAIL,129.0,1.59,1Y,0.0,0.0,1.64,125.72
FTHA,Common Stock,FAIL,9.97,,1Y,0.0,0.0,0.01,9.95
FVNNU,Common Stock,FAIL,12.5,19.05,1Y,0.0,0.0,1.3,9.9
FWACU,Common Stock,FAIL,10.24,,1Y,0.0,0.0,0.01,10.22
DRDB,Common Stock,PASS,10.68,3.89,1Y,0.0,8.23,0.01,10.66
APXTU,Common Stock,PASS,10.29,,1Y,0.0,7.68,0.01,10.27
BLZRU,Common Stock,PASS,10.33,3.3,1Y,0.0,4.74,0.02,10.29
CRAQU,Common Stock,PASS,10.68,4.71,1Y,0.0,4.44,0.04,10.6
FACT,Common Stock,PASS,10.7,4.09,1Y,0.0,2.16,0.01,10.68
CLST,Common Stock,PASS,18.35,41.15,1Y,0.0,1.64,0.27,17.81
CIX,Common Stock,PASS,34.35,57.18,1Y,0.0,1.53,1.51,31.33
EDF,Common Stock,PASS,5.46,23.11,1Y,0.0,1.45,0.08,5.3
BUUU,Common Stock,PASS,40.29,504.95,1Y,0.0,1.42,4.55,31.19
FUNC,Common Stock,PASS,44.44,25.6,1Y,0.0,1.32,1.3,41.84
BYFC,Common Stock,PASS,12.12,61.38,1Y,0.0,1.31,0.22,11.68
EIIA,Common Stock,PASS,25.22,8.53,1Y,0.0,1.29,0.12,24.98
AUBN,Common Stock,PASS,26.54,1.88,1Y,0.0,1.24,0.26,26.02
CIMN,Common Stock,PASS,25.21,9.14,1Y,0.0,1.2,0.08,25.05
BWFG,Common Stock,PASS,66.65,52.24,1Y,0.0,1.19,1.79,63.07
FNWD,Common Stock,PASS,43.9,39.12,1Y,0.0,1.18,0.71,42.48
CRT,Common Stock,PASS,11.1,47.22,1Y,0.0,1.17,0.25,10.6
CCNEP,Common Stock,PASS,25.02,8.08,1Y,0.0,1.15,0.14,24.74
ALIS,Common Stock,PASS,10.32,,1Y,0.0,1.12,0.03,10.26
BOLD,Common Stock,PASS,2.88,148.28,1Y,0.0,1.09,0.12,2.64
CETY,Common Stock,PASS,1.08,-72.62,1Y,0.0,1.08,0.08,0.92
